account_id,account_age_days
1,134
2,1161
3,982
4,658
5,650
6,1288
7,129
8,1046
9,303
10,142
11,790
12,1463
13,1103
14,1141
15,1076
16,1179
17,770
18,193
19,1259
20,676
21,751
22,556
23,274
24,1390
25,1172
26,966
27,604
28,1234
29,818
30,665
31,676
32,341
33,139
34,832
35,1331
36,96
37,1287
38,1241
39,415
40,947
41,248
42,1137
43,1051
44,532
45,102
46,1456
47,669
48,1339
49,1017
50,1167
51,1140
52,292
53,546
54,700
55,747
56,66
57,820
58,232
59,1115
60,1024
61,1383
62,1117
63,550
64,1451
65,616
66,489
67,1358
68,556
69,115
70,704
71,1193
72,285
73,694
74,195
75,1030
76,714
77,495
78,341
79,847
80,1005
81,1410
82,656
83,241
84,1249
85,945
86,1050
87,146
88,469
89,1151
90,1248
91,653
92,1207
93,1262
94,581
95,1347
96,433
97,360
98,1024
99,955
100,210
101,1249
102,300
103,1207
104,12
105,1195
106,1180
107,1170
108,997
109,707
110,1058
111,416
112,1171
113,833
114,688
115,758
116,853
117,56
118,210
119,368
120,172
121,659
122,1002
123,981
124,707
125,1282
126,848
127,119
128,1147
129,862
130,952
131,848
132,830
133,136
134,839
135,1192
136,456
137,904
138,47
139,521
140,655
141,1474
142,322
143,415
144,613
145,1489
146,1280
147,53
148,351
149,1232
150,88
151,1283
152,422
153,1376
154,441
155,652
156,993
157,190
158,835
159,758
160,1176
161,1494
162,996
163,614
164,610
165,627
166,1221
167,482
168,251
169,502
170,35
171,160
172,135
173,1157
174,1083
175,1045
176,693
177,1075
178,242
179,1351
180,752
181,1407
182,229
183,746
184,1044
185,743
186,669
187,250
188,572
189,358
190,452
191,1025
192,945
193,911
194,543
195,1439
196,132
197,514
198,177
199,509
200,1442
201,550
202,1362
203,743
204,1049
205,686
206,399
207,1146
208,1453
209,396
210,1168
211,392
212,1075
213,1183
214,674
215,1105
216,409
217,119
218,145
219,671
220,1354
221,192
222,684
223,1056
224,304
225,1082
226,459
227,1213
228,869
229,820
230,265
231,695
232,1285
233,30
234,1138
235,739
236,1079
237,995
238,648
239,463
240,941
241,211
242,876
243,142
244,975
245,943
246,127
247,1136
248,624
249,1180
250,63
251,270
252,741
253,283
254,495
255,991
256,217
257,1016
258,156
259,263
260,881
261,1190
262,256
263,450
264,1387
265,1484
266,872
267,671
268,520
269,919
270,886
271,442
272,35
273,228
274,1437
275,627
276,723
277,701
278,1174
279,98
280,125
281,414
282,730
283,1007
284,736
285,662
286,1406
287,242
288,858
289,813
290,710
291,1211
292,401
293,1430
294,498
295,817
296,781
297,1274
298,658
299,427
300,33
301,546
302,1239
303,15
304,1344
305,814
306,211
307,453
308,831
309,474
310,163
311,999
312,1008
313,179
314,422
315,366
316,989
317,1095
318,1090
319,1408
320,1153
321,481
322,162
323,922
324,1374
325,1462
326,346
327,355
328,57
329,212
330,832
331,820
332,557
333,465
334,1244
335,690
336,1212
337,1444
338,476
339,304
340,1429
341,952
342,437
343,933
344,773
345,1358
346,384
347,1487
348,1404
349,271
350,247
351,800
352,68
353,448
354,653
355,1454
356,1488
357,228
358,1337
359,137
360,1123
361,1268
362,1336
363,335
364,1340
365,174
366,778
367,704
368,474
369,34
370,1158
371,504
372,992
373,615
374,561
375,1329
376,142
377,1105
378,1120
379,570
380,394
381,8
382,1405
383,1421
384,362
385,48
386,185
387,102
388,1246
389,1337
390,230
391,1120
392,269
393,551
394,899
395,1080
396,1311
397,68
398,295
399,421
400,466
401,1497
402,1166
403,481
404,1457
405,749
406,751
407,651
408,216
409,1401
410,21
411,262
412,345
413,419
414,198
415,27
416,1016
417,1453
418,183
419,445
420,759
421,1391
422,1041
423,1149
424,872
425,626
426,300
427,1296
428,1206
429,38
430,1073
431,127
432,1108
433,1239
434,197
435,651
436,186
437,851
438,1391
439,122
440,596
441,1459
442,452
443,199
444,733
445,763
446,994
447,471
448,1433
449,782
450,430
451,1440
452,1387
453,749
454,38
455,895
456,833
457,223
458,951
459,1261
460,159
461,1085
462,211
463,1123
464,629
465,10
466,1449
467,249
468,894
469,273
470,1399
471,1107
472,1206
473,648
474,701
475,951
476,1177
477,1270
478,27
479,995
480,164
481,432
482,1244
483,376
484,1195
485,695
486,349
487,502
488,796
489,1147
490,909
491,1399
492,1301
493,1130
494,905
495,435
496,619
497,179
498,561
499,1389
500,639
501,171
502,978
503,1443
504,1301
505,411
506,681
507,796
508,372
509,403
510,355
511,1491
512,1119
513,1261
514,1225
515,1438
516,158
517,1322
518,100
519,713
520,892
521,537
522,220
523,289
524,1237
525,478
526,466
527,1385
528,216
529,1372
530,1381
531,898
532,249
533,234
534,427
535,866
536,231
537,684
538,174
539,810
540,32
541,1063
542,84
543,293
544,262
545,1246
546,81
547,644
548,887
549,774
550,1021
551,1204
552,591
553,1242
554,477
555,1476
556,757
557,1104
558,1312
559,1189
560,1276
561,805
562,66
563,740
564,273
565,1333
566,355
567,342
568,374
569,964
570,857
571,1423
572,624
573,424
574,74
575,11
576,561
577,1388
578,786
579,1340
580,153
581,140
582,1250
583,161
584,78
585,606
586,1387
587,1034
588,149
589,1255
590,1265
591,1201
592,1354
593,360
594,1469
595,481
596,1203
597,869
598,1169
599,942
600,964
601,924
602,1168
603,1108
604,202
605,1239
606,804
607,485
608,771
609,1450
610,1286
611,1250
612,694
613,1176
614,578
615,1029
616,959
617,375
618,400
619,92
620,210
621,650
622,717
623,248
624,625
625,906
626,349
627,508
628,551
629,758
630,550
631,1105
632,491
633,651
634,569
635,275
636,1028
637,353
638,446
639,1189
640,1423
641,1006
642,1374
643,1281
644,721
645,1155
646,493
647,691
648,803
649,1440
650,1272
651,734
652,979
653,304
654,1206
655,830
656,799
657,1149
658,949
659,109
660,432
661,265
662,1102
663,53
664,304
665,896
666,1042
667,755
668,1291
669,1378
670,199
671,1428
672,921
673,954
674,143
675,933
676,1088
677,871
678,127
679,785
680,1403
681,1085
682,206
683,1439
684,1438
685,254
686,1201
687,610
688,890
689,668
690,1174
691,1494
692,1192
693,1397
694,1419
695,136
696,380
697,1083
698,885
699,76
700,143
701,781
702,924
703,252
704,257
705,194
706,847
707,12
708,859
709,714
710,699
711,1019
712,784
713,1091
714,1146
715,1380
716,1199
717,777
718,738
719,354
720,899
721,209
722,1396
723,1267
724,180
725,1179
726,176
727,1082
728,132
729,732
730,987
731,1093
732,628
733,1382
734,1161
735,313
736,1007
737,1096
738,501
739,1107
740,1347
741,1225
742,1144
743,952
744,406
745,1193
746,546
747,798
748,472
749,470
750,237
751,1441
752,222
753,130
754,1404
755,832
756,657
757,1106
758,575
759,192
760,1094
761,264
762,829
763,1423
764,1404
765,541
766,1170
767,919
768,719
769,210
770,565
771,978
772,1479
773,8
774,1076
775,1269
776,1426
777,636
778,178
779,407
780,1275
781,1317
782,955
783,184
784,183
785,717
786,882
787,49
788,1029
789,817
790,19
791,144
792,682
793,1084
794,1238
795,647
796,443
797,1452
798,688
799,473
800,664
801,19
802,453
803,773
804,1377
805,1107
806,1172
807,817
808,166
809,586
810,1495
811,67
812,1318
813,1027
814,426
815,1167
816,1255
817,65
818,160
819,998
820,1498
821,36
822,998
823,205
824,975
825,935
826,136
827,1021
828,1345
829,1295
830,44
831,369
832,362
833,680
834,215
835,1281
836,1165
837,1212
838,298
839,22
840,1366
841,434
842,984
843,1364
844,55
845,9
846,9
847,235
848,78
849,1230
850,909
851,1470
852,1202
853,1444
854,358
855,432
856,1274
857,368
858,86
859,1004
860,1201
861,1452
862,1391
863,181
864,1158
865,1269
866,1047
867,1229
868,1257
869,670
870,61
871,684
872,303
873,171
874,188
875,1046
876,757
877,810
878,1118
879,822
880,945
881,129
882,1276
883,673
884,233
885,1220
886,1102
887,80
888,290
889,24
890,406
891,150
892,1065
893,784
894,1470
895,1124
896,917
897,764
898,82
899,106
900,924
901,7
902,64
903,329
904,1326
905,688
906,1064
907,617
908,260
909,557
910,138
911,1155
912,276
913,565
914,1470
915,888
916,688
917,814
918,1176
919,382
920,954
921,1309
922,859
923,670
924,218
925,373
926,1419
927,812
928,452
929,628
930,867
931,806
932,1049
933,386
934,974
935,664
936,1410
937,237
938,223
939,693
940,763
941,1036
942,606
943,1370
944,711
945,194
946,179
947,1460
948,202
949,1421
950,417
951,141
952,457
953,922
954,642
955,1178
956,916
957,601
958,952
959,1457
960,618
961,231
962,613
963,1260
964,327
965,1423
966,882
967,902
968,476
969,1380
970,55
971,448
972,628
973,716
974,711
975,222
976,339
977,143
978,859
979,526
980,849
981,884
982,1053
983,821
984,972
985,881
986,978
987,925
988,475
989,370
990,1181
991,514
992,824
993,296
994,647
995,794
996,939
997,790
998,541
999,1442
1000,769
1001,1212
1002,1105
1003,837
1004,1329
1005,193
1006,1381
1007,1275
1008,755
1009,1100
1010,780
1011,403
1012,1200
1013,369
1014,472
1015,779
1016,1256
1017,576
1018,741
1019,63
1020,174
1021,84
1022,109
1023,1302
1024,1263
1025,1233
1026,84
1027,117
1028,421
1029,848
1030,501
1031,731
1032,260
1033,1096
1034,471
1035,100
1036,1114
1037,1354
1038,23
1039,655
1040,1240
1041,1059
1042,1284
1043,623
1044,559
1045,1064
1046,231
1047,359
1048,901
1049,1003
1050,180
1051,762
1052,548
1053,753
1054,1437
1055,115
1056,1493
1057,674
1058,1158
1059,637
1060,467
1061,1156
1062,1031
1063,216
1064,1058
1065,1129
1066,582
1067,1388
1068,961
1069,501
1070,17
1071,1012
1072,314
1073,1135
1074,788
1075,700
1076,246
1077,1067
1078,249
1079,627
1080,1254
1081,1380
1082,1483
1083,1437
1084,834
1085,301
1086,1258
1087,1202
1088,1485
1089,976
1090,213
1091,754
1092,672
1093,1264
1094,589
1095,493
1096,120
1097,1253
1098,1133
1099,62
1100,651
1101,720
1102,704
1103,1378
1104,226
1105,460
1106,272
1107,366
1108,1360
1109,1411
1110,67
1111,948
1112,350
1113,289
1114,438
1115,292
1116,735
1117,1493
1118,880
1119,1085
1120,740
1121,21
1122,127
1123,404
1124,366
1125,1261
1126,1265
1127,1281
1128,956
1129,834
1130,974
1131,610
1132,1005
1133,1191
1134,1144
1135,921
1136,88
1137,1087
1138,550
1139,1115
1140,809
1141,1321
1142,508
1143,1397
1144,1266
1145,497
1146,724
1147,797
1148,1153
1149,1034
1150,1278
1151,555
1152,757
1153,646
1154,1364
1155,458
1156,881
1157,181
1158,1275
1159,576
1160,511
1161,874
1162,748
1163,1272
1164,797
1165,775
1166,158
1167,33
1168,598
1169,1497
1170,1376
1171,943
1172,946
1173,587
1174,267
1175,13
1176,508
1177,475
1178,288
1179,389
1180,38
1181,912
1182,1391
1183,1036
1184,672
1185,630
1186,461
1187,214
1188,898
1189,850
1190,11
1191,623
1192,417
1193,256
1194,1054
1195,789
1196,951
1197,1070
1198,1472
1199,1204
1200,930
1201,1318
1202,716
1203,1477
1204,1142
1205,976
1206,1355
1207,773
1208,1081
1209,427
1210,1444
1211,935
1212,1173
1213,691
1214,1300
1215,112
1216,172
1217,761
1218,1098
1219,1214
1220,660
1221,974
1222,830
1223,1442
1224,981
1225,625
1226,1454
1227,161
1228,1476
1229,231
1230,433
1231,1232
1232,1100
1233,1455
1234,1125
1235,955
1236,520
1237,8
1238,186
1239,447
1240,62
1241,762
1242,1166
1243,1444
1244,735
1245,1312
1246,1478
1247,1289
1248,697
1249,488
1250,1466
1251,363
1252,617
1253,111
1254,1190
1255,975
1256,128
1257,333
1258,833
1259,811
1260,1203
1261,399
1262,1387
1263,667
1264,1234
1265,358
1266,56
1267,83
1268,559
1269,1429
1270,73
1271,554
1272,164
1273,1397
1274,1013
1275,1144
1276,1070
1277,985
1278,1160
1279,13
1280,1298
1281,1110
1282,1109
1283,590
1284,1201
1285,573
1286,74
1287,1361
1288,352
1289,153
1290,933
1291,351
1292,1287
1293,666
1294,7
1295,1427
1296,772
1297,395
1298,1016
1299,796
1300,45
1301,1139
1302,602
1303,1050
1304,1343
1305,916
1306,1007
1307,382
1308,357
1309,623
1310,1279
1311,786
1312,522
1313,1169
1314,1280
1315,1353
1316,449
1317,1064
1318,885
1319,674
1320,596
1321,172
1322,412
1323,824
1324,1329
1325,1299
1326,282
1327,1019
1328,128
1329,1012
1330,513
1331,675
1332,1076
1333,637
1334,1211
1335,800
1336,1498
1337,957
1338,445
1339,1163
1340,612
1341,801
1342,206
1343,179
1344,862
1345,280
1346,1496
1347,1283
1348,1051
1349,1102
1350,893
1351,91
1352,589
1353,744
1354,1373
1355,330
1356,745
1357,516
1358,202
1359,155
1360,548
1361,124
1362,101
1363,526
1364,303
1365,832
1366,27
1367,453
1368,680
1369,1444
1370,952
1371,1321
1372,515
1373,675
1374,631
1375,1331
1376,1438
1377,1443
1378,1128
1379,755
1380,811
1381,1470
1382,427
1383,520
1384,1345
1385,580
1386,353
1387,841
1388,488
1389,1336
1390,1363
1391,459
1392,794
1393,1476
1394,1113
1395,324
1396,886
1397,930
1398,980
1399,38
1400,449
1401,1282
1402,362
1403,450
1404,484
1405,266
1406,234
1407,521
1408,1311
1409,3
1410,425
1411,91
1412,842
1413,376
1414,1188
1415,877
1416,1175
1417,952
1418,658
1419,1291
1420,714
1421,1424
1422,1492
1423,883
1424,1012
1425,384
1426,1222
1427,1007
1428,1353
1429,401
1430,1181
1431,705
1432,278
1433,257
1434,843
1435,479
1436,153
1437,641
1438,979
1439,479
1440,1433
1441,1169
1442,769
1443,1402
1444,650
1445,210
1446,54
1447,1407
1448,1439
1449,1109
1450,155
1451,441
1452,62
1453,77
1454,369
1455,858
1456,99
1457,1476
1458,683
1459,396
1460,774
1461,1185
1462,469
1463,72
1464,77
1465,1278
1466,168
1467,953
1468,577
1469,1166
1470,91
1471,1346
1472,1047
1473,674
1474,311
1475,1465
1476,453
1477,736
1478,591
1479,346
1480,625
1481,228
1482,3
1483,435
1484,168
1485,622
1486,1294
1487,244
1488,2
1489,167
1490,762
1491,412
1492,734
1493,44
1494,500
1495,615
1496,647
1497,827
1498,1171
1499,701
1500,1261
1501,795
1502,391
1503,344
1504,484
1505,896
1506,364
1507,1371
1508,720
1509,1295
1510,1025
1511,500
1512,343
1513,1116
1514,496
1515,371
1516,1395
1517,724
1518,73
1519,742
1520,691
1521,1296
1522,1067
1523,287
1524,226
1525,905
1526,72
1527,479
1528,208
1529,31
1530,1378
1531,135
1532,14
1533,1399
1534,283
1535,1225
1536,47
1537,231
1538,166
1539,1059
1540,930
1541,713
1542,363
1543,134
1544,854
1545,346
1546,885
1547,1031
1548,1274
1549,741
1550,8
1551,421
1552,1280
1553,800
1554,929
1555,687
1556,244
1557,1345
1558,1159
1559,1492
1560,1283
1561,437
1562,382
1563,373
1564,1378
1565,835
1566,682
1567,1452
1568,905
1569,1364
1570,1476
1571,120
1572,542
1573,1101
1574,1219
1575,223
1576,478
1577,822
1578,1199
1579,170
1580,901
1581,445
1582,325
1583,773
1584,621
1585,953
1586,477
1587,1235
1588,118
1589,1292
1590,45
1591,1104
1592,520
1593,575
1594,29
1595,1053
1596,249
1597,989
1598,1088
1599,1268
1600,1062
1601,452
1602,1108
1603,1239
1604,476
1605,187
1606,1335
1607,222
1608,891
1609,355
1610,189
1611,1164
1612,216
1613,1005
1614,1039
1615,91
1616,260
1617,1191
1618,761
1619,182
1620,1487
1621,398
1622,7
1623,1386
1624,25
1625,830
1626,1489
1627,867
1628,877
1629,582
1630,191
1631,859
1632,1346
1633,137
1634,1320
1635,623
1636,804
1637,248
1638,933
1639,274
1640,410
1641,1082
1642,76
1643,671
1644,892
1645,198
1646,442
1647,515
1648,995
1649,1465
1650,1254
1651,285
1652,28
1653,78
1654,893
1655,235
1656,347
1657,1271
1658,1310
1659,1258
1660,381
1661,929
1662,916
1663,278
1664,830
1665,788
1666,594
1667,1127
1668,1016
1669,799
1670,1088
1671,1144
1672,850
1673,402
1674,1137
1675,1076
1676,1475
1677,225
1678,629
1679,1386
1680,772
1681,1413
1682,19
1683,53
1684,1194
1685,538
1686,780
1687,642
1688,612
1689,1409
1690,142
1691,1158
1692,1334
1693,986
1694,593
1695,240
1696,1024
1697,703
1698,224
1699,540
1700,1442
1701,398
1702,268
1703,1023
1704,300
1705,1379
1706,1288
1707,1475
1708,1368
1709,366
1710,319
1711,514
1712,705
1713,1320
1714,1100
1715,967
1716,1317
1717,969
1718,569
1719,620
1720,776
1721,134
1722,1112
1723,979
1724,1096
1725,801
1726,1174
1727,1424
1728,855
1729,667
1730,157
1731,1168
1732,1356
1733,1049
1734,1298
1735,1291
1736,1197
1737,754
1738,150
1739,5
1740,307
1741,647
1742,1115
1743,684
1744,35
1745,316
1746,1468
1747,1482
1748,566
1749,1207
1750,1079
1751,1396
1752,1331
1753,943
1754,592
1755,940
1756,479
1757,522
1758,913
1759,857
1760,871
1761,577
1762,614
1763,16
1764,903
1765,864
1766,1403
1767,756
1768,701
1769,102
1770,295
1771,507
1772,566
1773,544
1774,591
1775,1153
1776,197
1777,499
1778,245
1779,462
1780,1027
1781,71
1782,509
1783,36
1784,1432
1785,1091
1786,366
1787,298
1788,149
1789,709
1790,1130
1791,876
1792,1321
1793,516
1794,417
1795,717
1796,303
1797,1463
1798,279
1799,718
1800,783
1801,86
1802,703
1803,682
1804,389
1805,192
1806,68
1807,13
1808,722
1809,135
1810,1439
1811,367
1812,979
1813,1010
1814,743
1815,1325
1816,166
1817,351
1818,379
1819,203
1820,442
1821,469
1822,1147
1823,453
1824,1315
1825,1159
1826,1352
1827,158
1828,1476
1829,921
1830,1473
1831,532
1832,1429
1833,883
1834,108
1835,615
1836,207
1837,1411
1838,457
1839,334
1840,829
1841,638
1842,146
1843,1224
1844,1268
1845,1114
1846,925
1847,604
1848,814
1849,781
1850,248
1851,123
1852,380
1853,682
1854,241
1855,160
1856,1278
1857,563
1858,876
1859,786
1860,1102
1861,1109
1862,444
1863,1272
1864,557
1865,1252
1866,607
1867,167
1868,1140
1869,46
1870,1158
1871,65
1872,311
1873,905
1874,1412
1875,613
1876,181
1877,350
1878,1344
1879,1090
1880,151
1881,577
1882,397
1883,267
1884,1269
1885,926
1886,270
1887,976
1888,620
1889,93
1890,675
1891,278
1892,368
1893,1318
1894,1065
1895,202
1896,1277
1897,861
1898,1311
1899,1120
1900,509
1901,802
1902,796
1903,1080
1904,373
1905,500
1906,367
1907,444
1908,242
1909,55
1910,1410
1911,112
1912,1332
1913,5
1914,1166
1915,493
1916,776
1917,424
1918,736
1919,677
1920,795
1921,590
1922,805
1923,1238
1924,652
1925,542
1926,198
1927,540
1928,189
1929,274
1930,1428
1931,135
1932,723
1933,1251
1934,1429
1935,220
1936,246
1937,559
1938,832
1939,1439
1940,312
1941,247
1942,380
1943,1311
1944,46
1945,570
1946,179
1947,236
1948,1375
1949,3
1950,482
1951,1373
1952,912
1953,108
1954,698
1955,1456
1956,601
1957,793
1958,798
1959,991
1960,281
1961,1259
1962,1482
1963,214
1964,1227
1965,1225
1966,1112
1967,556
1968,703
1969,1258
1970,230
1971,1243
1972,1381
1973,1023
1974,512
1975,839
1976,76
1977,1397
1978,514
1979,86
1980,1191
1981,986
1982,934
1983,82
1984,1126
1985,956
1986,1190
1987,1241
1988,318
1989,316
1990,1385
1991,797
1992,657
1993,431
1994,958
1995,1131
1996,4
1997,829
1998,1490
1999,421
2000,422
2001,1317
2002,94
2003,596
2004,687
2005,1197
2006,194
2007,651
2008,229
2009,1181
2010,948
2011,745
2012,589
2013,230
2014,1382
2015,971
2016,479
2017,621
2018,1089
2019,1079
2020,692
2021,455
2022,990
2023,987
2024,899
2025,110
2026,709
2027,921
2028,1425
2029,788
2030,514
2031,834
2032,266
2033,136
2034,1017
2035,1479
2036,1269
2037,875
2038,61
2039,1481
2040,674
2041,435
2042,1338
2043,1119
2044,1124
2045,417
2046,1487
2047,679
2048,797
2049,1126
2050,990
2051,259
2052,454
2053,542
2054,1421
2055,1072
2056,550
2057,1102
2058,1108
2059,591
2060,605
2061,1341
2062,843
2063,225
2064,1079
2065,884
2066,763
2067,1087
2068,1360
2069,496
2070,629
2071,285
2072,970
2073,604
2074,514
2075,1045
2076,612
2077,697
2078,660
2079,388
2080,189
2081,1241
2082,138
2083,487
2084,1001
2085,197
2086,983
2087,1099
2088,994
2089,458
2090,30
2091,1331
2092,490
2093,1207
2094,297
2095,244
2096,1167
2097,1409
2098,1291
2099,1127
2100,370
2101,1369
2102,1002
2103,259
2104,194
2105,1306
2106,413
2107,1149
2108,208
2109,421
2110,425
2111,422
2112,1012
2113,1371
2114,1365
2115,1112
2116,304
2117,1440
2118,813
2119,819
2120,1052
2121,1153
2122,1429
2123,873
2124,915
2125,1118
2126,383
2127,462
2128,938
2129,97
2130,481
2131,1077
2132,1464
2133,779
2134,600
2135,661
2136,1028
2137,817
2138,35
2139,809
2140,600
2141,1051
2142,1312
2143,1443
2144,915
2145,544
2146,666
2147,265
2148,1403
2149,1271
2150,1281
2151,492
2152,484
2153,1285
2154,817
2155,1057
2156,735
2157,664
2158,948
2159,1219
2160,501
2161,1213
2162,367
2163,604
2164,1369
2165,1431
2166,1385
2167,474
2168,1265
2169,1404
2170,1467
2171,32
2172,1117
2173,1495
2174,1147
2175,350
2176,1144
2177,158
2178,721
2179,939
2180,685
2181,1050
2182,361
2183,909
2184,967
2185,951
2186,434
2187,458
2188,387
2189,693
2190,879
2191,544
2192,615
2193,430
2194,329
2195,986
2196,1224
2197,436
2198,1290
2199,856
2200,252
2201,549
2202,12
2203,59
2204,504
2205,682
2206,1196
2207,202
2208,1258
2209,352
2210,208
2211,1050
2212,1161
2213,907
2214,174
2215,173
2216,585
2217,676
2218,1497
2219,430
2220,289
2221,1418
2222,231
2223,40
2224,634
2225,602
2226,929
2227,1316
2228,1399
2229,435
2230,1471
2231,949
2232,105
2233,1407
2234,207
2235,883
2236,1186
2237,374
2238,406
2239,714
2240,1327
2241,336
2242,995
2243,679
2244,168
2245,1066
2246,1248
2247,863
2248,265
2249,234
2250,635
2251,760
2252,828
2253,366
2254,751
2255,443
2256,1029
2257,1194
2258,979
2259,2
2260,1488
2261,36
2262,1499
2263,48
2264,775
2265,159
2266,143
2267,1025
2268,1092
2269,178
2270,1465
2271,481
2272,478
2273,446
2274,692
2275,267
2276,637
2277,315
2278,78
2279,553
2280,1008
2281,1144
2282,530
2283,486
2284,1181
2285,1022
2286,1248
2287,1359
2288,1232
2289,1404
2290,625
2291,592
2292,482
2293,353
2294,1123
2295,1071
2296,1202
2297,251
2298,737
2299,333
2300,1339
2301,401
2302,216
2303,855
2304,1318
2305,1373
2306,145
2307,489
2308,231
2309,462
2310,801
2311,421
2312,102
2313,765
2314,80
2315,340
2316,1
2317,131
2318,655
2319,1276
2320,1162
2321,149
2322,53
2323,507
2324,978
2325,1120
2326,1234
2327,513
2328,252
2329,40
2330,221
2331,98
2332,1291
2333,403
2334,1234
2335,830
2336,808
2337,682
2338,1228
2339,66
2340,140
2341,635
2342,592
2343,818
2344,1106
2345,881
2346,386
2347,491
2348,1128
2349,303
2350,756
2351,808
2352,1125
2353,1071
2354,697
2355,464
2356,552
2357,617
2358,329
2359,938
2360,313
2361,973
2362,1127
2363,1442
2364,179
2365,1139
2366,129
2367,506
2368,265
2369,244
2370,263
2371,66
2372,1234
2373,92
2374,598
2375,1049
2376,1485
2377,1280
2378,206
2379,1481
2380,980
2381,270
2382,673
2383,1376
2384,589
2385,276
2386,1312
2387,1429
2388,1463
2389,1433
2390,1309
2391,682
2392,289
2393,926
2394,331
2395,710
2396,984
2397,1419
2398,434
2399,378
2400,1102
2401,10
2402,850
2403,1119
2404,826
2405,576
2406,1242
2407,557
2408,1066
2409,696
2410,40
2411,796
2412,75
2413,1396
2414,902
2415,558
2416,729
2417,929
2418,391
2419,433
2420,628
2421,388
2422,1137
2423,156
2424,1240
2425,523
2426,842
2427,237
2428,578
2429,1132
2430,406
2431,199
2432,783
2433,244
2434,472
2435,676
2436,846
2437,959
2438,1015
2439,1266
2440,100
2441,544
2442,2
2443,15
2444,319
2445,897
2446,1341
2447,1160
2448,969
2449,1167
2450,258
2451,1259
2452,1335
2453,143
2454,705
2455,1245
2456,714
2457,1260
2458,1403
2459,712
2460,90
2461,510
2462,323
2463,711
2464,879
2465,696
2466,294
2467,452
2468,1019
2469,41
2470,321
2471,1338
2472,149
2473,622
2474,311
2475,157
2476,634
2477,782
2478,265
2479,117
2480,202
2481,977
2482,1290
2483,271
2484,481
2485,516
2486,541
2487,367
2488,83
2489,788
2490,536
2491,514
2492,397
2493,1394
2494,916
2495,628
2496,308
2497,1201
2498,1332
2499,49
2500,1394
2501,1049
2502,150
2503,1129
2504,161
2505,77
2506,173
2507,690
2508,929
2509,611
2510,183
2511,299
2512,1278
2513,1443
2514,1131
2515,156
2516,1229
2517,1038
2518,789
2519,215
2520,1495
2521,664
2522,67
2523,315
2524,602
2525,94
2526,486
2527,703
2528,1423
2529,130
2530,865
2531,1373
2532,1209
2533,1387
2534,256
2535,1202
2536,1467
2537,489
2538,748
2539,796
2540,741
2541,435
2542,1456
2543,1434
2544,571
2545,1208
2546,596
2547,1192
2548,877
2549,705
2550,192
2551,982
2552,482
2553,326
2554,290
2555,1472
2556,155
2557,1197
2558,1299
2559,47
2560,884
2561,866
2562,538
2563,1000
2564,613
2565,660
2566,647
2567,1201
2568,950
2569,569
2570,1390
2571,1203
2572,1399
2573,1096
2574,587
2575,1159
2576,494
2577,407
2578,677
2579,1453
2580,852
2581,576
2582,693
2583,437
2584,988
2585,526
2586,832
2587,555
2588,481
2589,1455
2590,519
2591,106
2592,568
2593,798
2594,142
2595,459
2596,249
2597,751
2598,1084
2599,1452
2600,584
2601,1295
2602,322
2603,1170
2604,844
2605,1137
2606,1133
2607,799
2608,386
2609,789
2610,1240
2611,1456
2612,1391
2613,273
2614,896
2615,157
2616,1003
2617,1488
2618,79
2619,985
2620,1418
2621,1270
2622,589
2623,156
2624,1385
2625,1382
2626,868
2627,1468
2628,7
2629,925
2630,58
2631,1403
2632,1020
2633,1370
2634,844
2635,125
2636,40
2637,504
2638,1115
2639,227
2640,1278
2641,359
2642,745
2643,305
2644,699
2645,678
2646,9
2647,852
2648,1180
2649,1404
2650,496
2651,1320
2652,1318
2653,1482
2654,560
2655,1276
2656,848
2657,88
2658,406
2659,1008
2660,241
2661,652
2662,1162
2663,225
2664,745
2665,323
2666,805
2667,361
2668,1448
2669,115
2670,1445
2671,1188
2672,1283
2673,1277
2674,282
2675,1396
2676,891
2677,1443
2678,1317
2679,869
2680,562
2681,176
2682,152
2683,585
2684,1216
2685,758
2686,723
2687,367
2688,847
2689,957
2690,1473
2691,1094
2692,911
2693,1365
2694,638
2695,1402
2696,555
2697,192
2698,627
2699,194
2700,178
2701,1321
2702,1192
2703,332
2704,1256
2705,104
2706,427
2707,1059
2708,456
2709,1096
2710,1311
2711,100
2712,36
2713,1410
2714,781
2715,760
2716,696
2717,650
2718,1035
2719,870
2720,245
2721,940
2722,1002
2723,171
2724,565
2725,1185
2726,928
2727,205
2728,61
2729,872
2730,693
2731,1441
2732,783
2733,1397
2734,322
2735,671
2736,210
2737,861
2738,283
2739,738
2740,516
2741,279
2742,146
2743,768
2744,1421
2745,298
2746,608
2747,337
2748,1213
2749,622
2750,1461
2751,368
2752,122
2753,874
2754,977
2755,1486
2756,1307
2757,1326
2758,951
2759,540
2760,644
2761,201
2762,647
2763,547
2764,54
2765,307
2766,802
2767,554
2768,1490
2769,718
2770,1438
2771,991
2772,61
2773,305
2774,1058
2775,818
2776,453
2777,783
2778,1354
2779,583
2780,68
2781,467
2782,1403
2783,1142
2784,1256
2785,1367
2786,177
2787,424
2788,90
2789,8
2790,1252
2791,1405
2792,234
2793,1083
2794,802
2795,104
2796,1373
2797,1306
2798,851
2799,1062
2800,596
2801,1189
2802,668
2803,1483
2804,95
2805,259
2806,1453
2807,433
2808,466
2809,1187
2810,284
2811,770
2812,429
2813,297
2814,1446
2815,300
2816,142
2817,1011
2818,1301
2819,192
2820,1062
2821,811
2822,1245
2823,191
2824,1463
2825,929
2826,1263
2827,543
2828,1415
2829,939
2830,191
2831,1384
2832,1193
2833,451
2834,818
2835,582
2836,815
2837,1448
2838,1348
2839,324
2840,1457
2841,657
2842,1057
2843,1146
2844,724
2845,685
2846,685
2847,1293
2848,580
2849,420
2850,543
2851,293
2852,587
2853,172
2854,135
2855,1086
2856,117
2857,852
2858,1170
2859,1086
2860,669
2861,291
2862,1396
2863,1252
2864,918
2865,131
2866,53
2867,473
2868,237
2869,1290
2870,309
2871,424
2872,1463
2873,1227
2874,328
2875,575
2876,774
2877,996
2878,1404
2879,1306
2880,1465
2881,61
2882,355
2883,844
2884,74
2885,533
2886,231
2887,1399
2888,95
2889,223
2890,293
2891,223
2892,853
2893,547
2894,1368
2895,391
2896,806
2897,990
2898,939
2899,1194
2900,303
2901,761
2902,1201
2903,1294
2904,927
2905,978
2906,1296
2907,937
2908,1423
2909,192
2910,522
2911,169
2912,136
2913,708
2914,339
2915,611
2916,657
2917,931
2918,1418
2919,1274
2920,568
2921,489
2922,1156
2923,186
2924,811
2925,635
2926,275
2927,925
2928,481
2929,279
2930,980
2931,262
2932,1009
2933,243
2934,652
2935,1212
2936,343
2937,1151
2938,1083
2939,1354
2940,254
2941,1072
2942,1405
2943,1144
2944,282
2945,1233
2946,161
2947,883
2948,746
2949,797
2950,779
2951,48
2952,762
2953,1405
2954,655
2955,416
2956,1492
2957,149
2958,729
2959,769
2960,717
2961,1382
2962,633
2963,1459
2964,101
2965,1101
2966,889
2967,361
2968,342
2969,1079
2970,956
2971,917
2972,77
2973,897
2974,1472
2975,26
2976,704
2977,742
2978,1345
2979,424
2980,713
2981,1076
2982,91
2983,1201
2984,1233
2985,1079
2986,972
2987,1121
2988,1172
2989,1355
2990,642
2991,684
2992,957
2993,290
2994,1284
2995,1155
2996,946
2997,453
2998,522
2999,653
3000,994
3001,1167
3002,1008
3003,1394
3004,1440
3005,1057
3006,556
3007,899
3008,638
3009,944
3010,1218
3011,554
3012,759
3013,69
3014,1105
3015,735
3016,690
3017,799
3018,324
3019,897
3020,1118
3021,525
3022,197
3023,580
3024,298
3025,561
3026,940
3027,170
3028,1121
3029,337
3030,1342
3031,1098
3032,409
3033,845
3034,166
3035,150
3036,1434
3037,1203
3038,232
3039,424
3040,297
3041,593
3042,437
3043,492
3044,794
3045,284
3046,1324
3047,1091
3048,1141
3049,255
3050,1062
3051,1254
3052,263
3053,1127
3054,537
3055,1181
3056,718
3057,1203
3058,221
3059,584
3060,410
3061,373
3062,463
3063,574
3064,191
3065,1060
3066,825
3067,1244
3068,1057
3069,224
3070,105
3071,634
3072,722
3073,361
3074,1173
3075,872
3076,1122
3077,164
3078,1222
3079,309
3080,672
3081,659
3082,1231
3083,415
3084,361
3085,510
3086,541
3087,273
3088,265
3089,347
3090,701
3091,515
3092,588
3093,1078
3094,362
3095,1364
3096,1127
3097,262
3098,471
3099,276
3100,409
3101,548
3102,197
3103,22
3104,658
3105,1051
3106,455
3107,1290
3108,554
3109,1351
3110,354
3111,809
3112,1144
3113,89
3114,1395
3115,548
3116,747
3117,943
3118,964
3119,36
3120,1300
3121,935
3122,1498
3123,707
3124,920
3125,662
3126,1334
3127,1248
3128,1363
3129,756
3130,1187
3131,538
3132,691
3133,1140
3134,122
3135,1066
3136,24
3137,871
3138,716
3139,703
3140,741
3141,738
3142,611
3143,677
3144,852
3145,1145
3146,828
3147,964
3148,1255
3149,1484
3150,163
3151,1069
3152,338
3153,295
3154,1189
3155,103
3156,1271
3157,1156
3158,1492
3159,1002
3160,1309
3161,178
3162,1334
3163,241
3164,472
3165,193
3166,603
3167,1123
3168,402
3169,1233
3170,909
3171,943
3172,1408
3173,648
3174,517
3175,1491
3176,835
3177,922
3178,445
3179,323
3180,255
3181,336
3182,293
3183,1120
3184,87
3185,944
3186,1423
3187,1148
3188,604
3189,90
3190,1251
3191,5
3192,1022
3193,1006
3194,288
3195,1110
3196,264
3197,339
3198,1218
3199,1468
3200,397
3201,1382
3202,1370
3203,1154
3204,210
3205,449
3206,1016
3207,1498
3208,1221
3209,630
3210,353
3211,1440
3212,415
3213,513
3214,1446
3215,842
3216,397
3217,9
3218,645
3219,1479
3220,649
3221,1049
3222,380
3223,1163
3224,1163
3225,912
3226,1158
3227,868
3228,568
3229,1107
3230,1252
3231,1261
3232,320
3233,1015
3234,7
3235,858
3236,857
3237,545
3238,1491
3239,1324
3240,58
3241,314
3242,312
3243,1346
3244,778
3245,1093
3246,1215
3247,1151
3248,134
3249,211
3250,593
3251,508
3252,1120
3253,235
3254,557
3255,355
3256,284
3257,260
3258,294
3259,846
3260,615
3261,653
3262,719
3263,1111
3264,1292
3265,790
3266,963
3267,1108
3268,1035
3269,202
3270,1474
3271,248
3272,618
3273,979
3274,605
3275,365
3276,1385
3277,108
3278,369
3279,1489
3280,1094
3281,131
3282,1132
3283,1454
3284,147
3285,621
3286,702
3287,197
3288,301
3289,261
3290,278
3291,605
3292,696
3293,357
3294,434
3295,289
3296,1194
3297,318
3298,1361
3299,808
3300,1204
3301,954
3302,399
3303,902
3304,411
3305,178
3306,382
3307,414
3308,203
3309,36
3310,1415
3311,770
3312,603
3313,1394
3314,337
3315,604
3316,1270
3317,948
3318,599
3319,384
3320,53
3321,128
3322,243
3323,1180
3324,959
3325,650
3326,1174
3327,242
3328,317
3329,589
3330,1376
3331,921
3332,1276
3333,372
3334,1272
3335,109
3336,342
3337,785
3338,76
3339,1287
3340,1301
3341,812
3342,459
3343,149
3344,928
3345,806
3346,1140
3347,904
3348,193
3349,183
3350,1171
3351,239
3352,1407
3353,159
3354,1092
3355,1462
3356,662
3357,86
3358,1315
3359,281
3360,791
3361,1476
3362,1117
3363,70
3364,1230
3365,242
3366,1124
3367,931
3368,432
3369,635
3370,177
3371,1480
3372,358
3373,463
3374,754
3375,1008
3376,758
3377,758
3378,874
3379,1286
3380,593
3381,1248
3382,1180
3383,1441
3384,1369
3385,1197
3386,370
3387,1161
3388,1105
3389,434
3390,1017
3391,380
3392,785
3393,1195
3394,283
3395,506
3396,1193
3397,681
3398,1440
3399,12
3400,1083
3401,1221
3402,1376
3403,235
3404,1476
3405,589
3406,528
3407,533
3408,957
3409,989
3410,711
3411,107
3412,1479
3413,333
3414,141
3415,896
3416,619
3417,923
3418,1313
3419,146
3420,426
3421,775
3422,1181
3423,901
3424,574
3425,915
3426,1469
3427,720
3428,1325
3429,1170
3430,452
3431,375
3432,1155
3433,312
3434,505
3435,353
3436,909
3437,441
3438,988
3439,1402
3440,1244
3441,1421
3442,37
3443,683
3444,331
3445,1376
3446,1068
3447,481
3448,845
3449,908
3450,743
3451,712
3452,83
3453,679
3454,523
3455,1227
3456,1297
3457,1125
3458,47
3459,1261
3460,595
3461,625
3462,1417
3463,1301
3464,77
3465,540
3466,1124
3467,808
3468,387
3469,787
3470,1300
3471,335
3472,1119
3473,1102
3474,1328
3475,447
3476,324
3477,821
3478,797
3479,614
3480,1169
3481,1198
3482,369
3483,1193
3484,346
3485,612
3486,41
3487,511
3488,1437
3489,664
3490,1065
3491,162
3492,953
3493,557
3494,1116
3495,1392
3496,797
3497,155
3498,714
3499,185
3500,674
3501,92
3502,961
3503,466
3504,303
3505,26
3506,1332
3507,1255
3508,1217
3509,88
3510,524
3511,1457
3512,868
3513,193
3514,212
3515,395
3516,1458
3517,255
3518,1354
3519,1017
3520,1382
3521,1239
3522,498
3523,1242
3524,254
3525,437
3526,318
3527,200
3528,135
3529,281
3530,181
3531,571
3532,107
3533,92
3534,1484
3535,132
3536,112
3537,46
3538,199
3539,792
3540,1241
3541,1102
3542,870
3543,128
3544,1161
3545,56
3546,946
3547,614
3548,1323
3549,461
3550,958
3551,660
3552,783
3553,1408
3554,1069
3555,622
3556,671
3557,1057
3558,519
3559,252
3560,702
3561,103
3562,255
3563,631
3564,1195
3565,1172
3566,391
3567,633
3568,231
3569,1133
3570,370
3571,1199
3572,1263
3573,1033
3574,495
3575,1429
3576,1029
3577,969
3578,1284
3579,1322
3580,117
3581,1322
3582,1147
3583,310
3584,462
3585,1129
3586,325
3587,679
3588,1033
3589,976
3590,1364
3591,168
3592,443
3593,1477
3594,853
3595,373
3596,435
3597,509
3598,831
3599,427
3600,933
3601,668
3602,915
3603,233
3604,935
3605,1387
3606,203
3607,491
3608,1040
3609,926
3610,1012
3611,839
3612,1024
3613,914
3614,112
3615,1127
3616,670
3617,78
3618,614
3619,653
3620,130
3621,1494
3622,334
3623,496
3624,662
3625,1248
3626,1114
3627,1156
3628,356
3629,1268
3630,1244
3631,696
3632,819
3633,56
3634,1140
3635,1441
3636,709
3637,811
3638,749
3639,124
3640,929
3641,1082
3642,1392
3643,1394
3644,738
3645,1438
3646,793
3647,963
3648,903
3649,1498
3650,1106
3651,180
3652,108
3653,615
3654,774
3655,1003
3656,722
3657,772
3658,1382
3659,502
3660,740
3661,836
3662,703
3663,1452
3664,1443
3665,770
3666,676
3667,883
3668,272
3669,639
3670,326
3671,216
3672,143
3673,881
3674,1
3675,969
3676,648
3677,550
3678,1154
3679,808
3680,1100
3681,1064
3682,49
3683,324
3684,855
3685,1463
3686,232
3687,159
3688,1411
3689,1450
3690,251
3691,603
3692,940
3693,293
3694,490
3695,593
3696,962
3697,462
3698,618
3699,435
3700,1139
3701,230
3702,346
3703,375
3704,1358
3705,1416
3706,750
3707,235
3708,1134
3709,738
3710,1274
3711,540
3712,1498
3713,1210
3714,336
3715,1088
3716,431
3717,525
3718,376
3719,1023
3720,395
3721,958
3722,874
3723,1126
3724,1490
3725,14
3726,1485
3727,164
3728,790
3729,511
3730,958
3731,1082
3732,1290
3733,603
3734,1399
3735,484
3736,306
3737,569
3738,793
3739,1002
3740,1249
3741,338
3742,455
3743,1408
3744,660
3745,363
3746,1478
3747,674
3748,1477
3749,1379
3750,1359
3751,873
3752,1197
3753,1440
3754,404
3755,57
3756,481
3757,955
3758,821
3759,121
3760,841
3761,262
3762,758
3763,863
3764,955
3765,619
3766,613
3767,1018
3768,1124
3769,1211
3770,500
3771,636
3772,496
3773,791
3774,191
3775,645
3776,283
3777,799
3778,1275
3779,1478
3780,669
3781,85
3782,342
3783,158
3784,1139
3785,1477
3786,831
3787,266
3788,32
3789,1464
3790,475
3791,168
3792,266
3793,383
3794,984
3795,1337
3796,413
3797,1031
3798,98
3799,16
3800,83
3801,1384
3802,873
3803,1207
3804,33
3805,34
3806,1273
3807,154
3808,233
3809,778
3810,910
3811,344
3812,667
3813,1012
3814,664
3815,574
3816,108
3817,678
3818,1204
3819,940
3820,1339
3821,190
3822,17
3823,822
3824,268
3825,891
3826,1355
3827,506
3828,824
3829,1022
3830,225
3831,1346
3832,304
3833,1212
3834,990
3835,212
3836,1087
3837,295
3838,899
3839,1439
3840,1429
3841,1306
3842,741
3843,839
3844,451
3845,1381
3846,716
3847,1157
3848,540
3849,1110
3850,337
3851,1100
3852,69
3853,158
3854,528
3855,723
3856,1067
3857,539
3858,28
3859,488
3860,659
3861,816
3862,966
3863,372
3864,915
3865,947
3866,1165
3867,783
3868,1215
3869,333
3870,1067
3871,69
3872,155
3873,1297
3874,713
3875,931
3876,905
3877,1042
3878,369
3879,268
3880,64
3881,1297
3882,336
3883,863
3884,682
3885,244
3886,621
3887,125
3888,265
3889,210
3890,1236
3891,851
3892,1388
3893,654
3894,302
3895,913
3896,1394
3897,799
3898,27
3899,456
3900,1387
3901,778
3902,1427
3903,764
3904,19
3905,1309
3906,1144
3907,1073
3908,1455
3909,295
3910,1358
3911,349
3912,1456
3913,287
3914,825
3915,1184
3916,118
3917,100
3918,1274
3919,91
3920,921
3921,1407
3922,922
3923,722
3924,626
3925,957
3926,858
3927,753
3928,231
3929,994
3930,1109
3931,1063
3932,113
3933,1054
3934,1094
3935,275
3936,1273
3937,786
3938,709
3939,1084
3940,765
3941,817
3942,469
3943,1391
3944,1454
3945,196
3946,1099
3947,35
3948,554
3949,1455
3950,263
3951,566
3952,330
3953,1092
3954,696
3955,890
3956,1413
3957,782
3958,1101
3959,147
3960,323
3961,1420
3962,1289
3963,985
3964,567
3965,300
3966,1277
3967,1178
3968,363
3969,885
3970,928
3971,716
3972,1390
3973,187
3974,387
3975,143
3976,1039
3977,966
3978,1480
3979,813
3980,226
3981,676
3982,133
3983,1006
3984,1011
3985,1286
3986,510
3987,465
3988,107
3989,623
3990,713
3991,1131
3992,1130
3993,211
3994,428
3995,767
3996,503
3997,39
3998,1268
3999,1097
4000,780
4001,476
4002,1264
4003,53
4004,670
4005,1201
4006,1429
4007,377
4008,976
4009,285
4010,174
4011,530
4012,1327
4013,1034
4014,734
4015,424
4016,213
4017,406
4018,229
4019,281
4020,1031
4021,199
4022,72
4023,813
4024,430
4025,682
4026,210
4027,315
4028,662
4029,1035
4030,622
4031,813
4032,783
4033,404
4034,420
4035,639
4036,49
4037,1028
4038,921
4039,459
4040,561
4041,493
4042,977
4043,1139
4044,163
4045,620
4046,21
4047,678
4048,373
4049,504
4050,685
4051,486
4052,591
4053,1147
4054,1215
4055,9
4056,567
4057,1270
4058,796
4059,308
4060,890
4061,218
4062,33
4063,949
4064,773
4065,1134
4066,517
4067,1281
4068,632
4069,1107
4070,151
4071,146
4072,1174
4073,1251
4074,1413
4075,487
4076,34
4077,1469
4078,902
4079,371
4080,1146
4081,1355
4082,427
4083,1154
4084,1181
4085,753
4086,948
4087,405
4088,1393
4089,1474
4090,1471
4091,1105
4092,64
4093,550
4094,667
4095,1439
4096,820
4097,804
4098,220
4099,1190
4100,505
4101,138
4102,1481
4103,285
4104,25
4105,117
4106,679
4107,155
4108,1264
4109,769
4110,486
4111,5
4112,720
4113,227
4114,1467
4115,437
4116,712
4117,28
4118,197
4119,312
4120,78
4121,1089
4122,1418
4123,1478
4124,399
4125,1183
4126,756
4127,69
4128,136
4129,822
4130,636
4131,13
4132,1395
4133,1095
4134,754
4135,1480
4136,1456
4137,1460
4138,388
4139,1321
4140,757
4141,1089
4142,1289
4143,245
4144,672
4145,194
4146,419
4147,620
4148,1283
4149,1294
4150,585
4151,494
4152,796
4153,1367
4154,1464
4155,340
4156,280
4157,1060
4158,452
4159,300
4160,47
4161,605
4162,588
4163,845
4164,301
4165,1071
4166,1020
4167,694
4168,272
4169,760
4170,1012
4171,559
4172,395
4173,760
4174,533
4175,601
4176,523
4177,455
4178,1075
4179,690
4180,700
4181,979
4182,542
4183,152
4184,1279
4185,84
4186,858
4187,399
4188,321
4189,63
4190,1350
4191,644
4192,514
4193,1112
4194,59
4195,847
4196,742
4197,830
4198,186
4199,1428
4200,358
4201,1017
4202,1120
4203,516
4204,196
4205,445
4206,1210
4207,1359
4208,1405
4209,340
4210,910
4211,227
4212,1065
4213,624
4214,1070
4215,1028
4216,1489
4217,733
4218,512
4219,790
4220,245
4221,168
4222,779
4223,1238
4224,800
4225,1173
4226,267
4227,674
4228,920
4229,522
4230,22
4231,111
4232,1391
4233,908
4234,397
4235,388
4236,60
4237,1417
4238,163
4239,1139
4240,361
4241,504
4242,411
4243,1236
4244,50
4245,529
4246,419
4247,410
4248,290
4249,1368
4250,568
4251,627
4252,578
4253,1470
4254,509
4255,513
4256,492
4257,491
4258,135
4259,906
4260,38
4261,339
4262,303
4263,437
4264,1135
4265,899
4266,1486
4267,527
4268,1392
4269,68
4270,756
4271,1198
4272,798
4273,1400
4274,472
4275,50
4276,1161
4277,102
4278,1147
4279,1100
4280,1266
4281,718
4282,1343
4283,255
4284,652
4285,183
4286,1150
4287,1071
4288,1209
4289,1146
4290,463
4291,103
4292,1393
4293,739
4294,142
4295,1390
4296,1491
4297,668
4298,1155
4299,55
4300,140
4301,415
4302,984
4303,201
4304,52
4305,1003
4306,1155
4307,1109
4308,1199
4309,1204
4310,904
4311,779
4312,1285
4313,522
4314,147
4315,1128
4316,414
4317,1468
4318,621
4319,1277
4320,64
4321,989
4322,672
4323,694
4324,398
4325,1456
4326,589
4327,1275
4328,638
4329,73
4330,1319
4331,278
4332,406
4333,1291
4334,1340
4335,1375
4336,639
4337,1135
4338,492
4339,1110
4340,754
4341,78
4342,627
4343,702
4344,386
4345,562
4346,754
4347,75
4348,228
4349,1150
4350,528
4351,912
4352,849
4353,827
4354,620
4355,725
4356,1236
4357,1447
4358,385
4359,1004
4360,1454
4361,12
4362,1177
4363,745
4364,1451
4365,867
4366,1257
4367,249
4368,214
4369,1389
4370,790
4371,837
4372,255
4373,340
4374,1227
4375,455
4376,876
4377,475
4378,395
4379,249
4380,1394
4381,1410
4382,173
4383,530
4384,846
4385,575
4386,1081
4387,391
4388,89
4389,506
4390,897
4391,271
4392,1224
4393,19
4394,102
4395,763
4396,768
4397,443
4398,388
4399,105
4400,994
4401,569
4402,178
4403,600
4404,1405
4405,392
4406,1342
4407,388
4408,279
4409,391
4410,485
4411,181
4412,881
4413,500
4414,1077
4415,736
4416,664
4417,707
4418,235
4419,1069
4420,157
4421,1082
4422,1499
4423,1146
4424,683
4425,472
4426,1308
4427,386
4428,724
4429,1156
4430,1383
4431,1381
4432,132
4433,1347
4434,171
4435,877
4436,1394
4437,982
4438,1421
4439,517
4440,472
4441,489
4442,533
4443,1024
4444,679
4445,1106
4446,624
4447,462
4448,285
4449,827
4450,1347
4451,1288
4452,380
4453,716
4454,1058
4455,919
4456,101
4457,886
4458,59
4459,175
4460,980
4461,154
4462,509
4463,883
4464,983
4465,669
4466,141
4467,1198
4468,1424
4469,1333
4470,1123
4471,603
4472,1314
4473,732
4474,205
4475,1275
4476,480
4477,1408
4478,553
4479,1304
4480,806
4481,701
4482,446
4483,1253
4484,91
4485,703
4486,553
4487,815
4488,382
4489,997
4490,579
4491,283
4492,296
4493,1045
4494,393
4495,461
4496,940
4497,495
4498,582
4499,367
4500,518
4501,1039
4502,801
4503,1496
4504,1158
4505,26
4506,568
4507,435
4508,881
4509,399
4510,1449
4511,449
4512,783
4513,185
4514,1364
4515,1367
4516,1190
4517,528
4518,89
4519,1066
4520,644
4521,1485
4522,1047
4523,808
4524,1480
4525,1200
4526,688
4527,29
4528,140
4529,666
4530,843
4531,46
4532,190
4533,1056
4534,1127
4535,45
4536,762
4537,122
4538,1085
4539,1251
4540,1304
4541,897
4542,943
4543,1389
4544,919
4545,669
4546,1132
4547,886
4548,1263
4549,787
4550,1303
4551,68
4552,55
4553,149
4554,834
4555,1063
4556,325
4557,234
4558,1290
4559,1126
4560,972
4561,733
4562,630
4563,31
4564,282
4565,1345
4566,509
4567,1057
4568,1055
4569,464
4570,307
4571,1037
4572,141
4573,742
4574,1332
4575,1067
4576,1146
4577,125
4578,300
4579,413
4580,439
4581,291
4582,1458
4583,248
4584,1062
4585,880
4586,916
4587,322
4588,462
4589,910
4590,449
4591,1041
4592,60
4593,110
4594,1092
4595,925
4596,65
4597,1348
4598,8
4599,1433
4600,1094
4601,1482
4602,1423
4603,470
4604,1134
4605,317
4606,707
4607,360
4608,729
4609,1308
4610,654
4611,139
4612,487
4613,1179
4614,783
4615,840
4616,647
4617,439
4618,897
4619,949
4620,1347
4621,927
4622,1492
4623,1240
4624,119
4625,588
4626,577
4627,5
4628,271
4629,1143
4630,528
4631,222
4632,431
4633,412
4634,262
4635,152
4636,1146
4637,1236
4638,744
4639,923
4640,1378
4641,1264
4642,49
4643,1429
4644,101
4645,40
4646,605
4647,1119
4648,121
4649,440
4650,394
4651,596
4652,1479
4653,497
4654,314
4655,184
4656,297
4657,200
4658,860
4659,631
4660,747
4661,1248
4662,871
4663,233
4664,565
4665,469
4666,1240
4667,461
4668,208
4669,1104
4670,643
4671,144
4672,1034
4673,316
4674,1302
4675,1248
4676,554
4677,833
4678,852
4679,980
4680,104
4681,487
4682,256
4683,1046
4684,104
4685,775
4686,1092
4687,1422
4688,432
4689,12
4690,1085
4691,3
4692,100
4693,1485
4694,1293
4695,1061
4696,1253
4697,113
4698,134
4699,451
4700,36
4701,1332
4702,85
4703,816
4704,1280
4705,1102
4706,352
4707,706
4708,822
4709,1152
4710,639
4711,428
4712,1193
4713,1329
4714,733
4715,43
4716,751
4717,1334
4718,1483
4719,602
4720,226
4721,858
4722,1246
4723,1417
4724,78
4725,436
4726,716
4727,148
4728,1329
4729,169
4730,998
4731,1378
4732,1028
4733,1145
4734,395
4735,1241
4736,628
4737,92
4738,550
4739,525
4740,782
4741,397
4742,693
4743,642
4744,491
4745,1044
4746,458
4747,1148
4748,377
4749,1297
4750,548
4751,62
4752,225
4753,1209
4754,1308
4755,318
4756,903
4757,861
4758,201
4759,678
4760,1041
4761,1450
4762,1271
4763,147
4764,357
4765,655
4766,226
4767,856
4768,13
4769,171
4770,71
4771,443
4772,1143
4773,266
4774,1480
4775,405
4776,68
4777,503
4778,1122
4779,160
4780,108
4781,1274
4782,888
4783,515
4784,1134
4785,1266
4786,539
4787,842
4788,17
4789,459
4790,893
4791,296
4792,1486
4793,1456
4794,387
4795,595
4796,285
4797,756
4798,186
4799,587
4800,833
4801,918
4802,895
4803,332
4804,1188
4805,1037
4806,1129
4807,702
4808,1338
4809,585
4810,1208
4811,306
4812,371
4813,790
4814,834
4815,1119
4816,446
4817,1309
4818,495
4819,801
4820,1397
4821,809
4822,1023
4823,1363
4824,1461
4825,749
4826,625
4827,296
4828,806
4829,1377
4830,731
4831,523
4832,161
4833,585
4834,355
4835,1465
4836,791
4837,206
4838,101
4839,1276
4840,1397
4841,1144
4842,186
4843,148
4844,297
4845,1126
4846,1148
4847,1256
4848,146
4849,230
4850,1350
4851,1393
4852,1088
4853,159
4854,103
4855,84
4856,1038
4857,1269
4858,947
4859,393
4860,1136
4861,89
4862,1242
4863,1337
4864,1077
4865,1319
4866,879
4867,703
4868,484
4869,1382
4870,1046
4871,286
4872,1435
4873,89
4874,881
4875,286
4876,996
4877,619
4878,656
4879,1007
4880,1134
4881,570
4882,1496
4883,748
4884,241
4885,10
4886,304
4887,1036
4888,809
4889,507
4890,722
4891,1257
4892,857
4893,88
4894,74
4895,723
4896,607
4897,1275
4898,874
4899,1135
4900,878
4901,518
4902,986
4903,932
4904,1080
4905,284
4906,962
4907,428
4908,1185
4909,1197
4910,937
4911,1420
4912,806
4913,38
4914,909
4915,1166
4916,152
4917,157
4918,410
4919,1266
4920,791
4921,1464
4922,1309
4923,832
4924,1018
4925,497
4926,136
4927,598
4928,888
4929,274
4930,333
4931,23
4932,1101
4933,1349
4934,1241
4935,570
4936,890
4937,1441
4938,887
4939,444
4940,508
4941,1090
4942,669
4943,1256
4944,1296
4945,54
4946,1085
4947,555
4948,780
4949,397
4950,552
4951,496
4952,76
4953,1174
4954,215
4955,564
4956,290
4957,241
4958,560
4959,1378
4960,1416
4961,573
4962,758
4963,1478
4964,353
4965,1417
4966,159
4967,339
4968,508
4969,56
4970,1223
4971,1283
4972,575
4973,1254
4974,1158
4975,1202
4976,1204
4977,860
4978,167
4979,1385
4980,913
4981,1351
4982,1438
4983,281
4984,603
4985,289
4986,77
4987,1449
4988,1385
4989,1397
4990,1325
4991,973
4992,783
4993,1487
4994,828
4995,964
4996,318
4997,1120
4998,1229
4999,1018
5000,748
5001,297
5002,51
5003,941
5004,1024
5005,1159
5006,1425
5007,746
5008,1243
5009,1074
5010,416
5011,1267
5012,80
5013,898
5014,1410
5015,988
5016,1405
5017,85
5018,799
5019,1171
5020,963
5021,1320
5022,694
5023,1024
5024,630
5025,1308
5026,180
5027,381
5028,146
5029,1053
5030,349
5031,476
5032,1255
5033,540
5034,219
5035,32
5036,340
5037,1372
5038,823
5039,1492
5040,323
5041,527
5042,245
5043,598
5044,845
5045,1212
5046,552
5047,1157
5048,939
5049,438
5050,1368
5051,651
5052,227
5053,1444
5054,1370
5055,75
5056,1353
5057,1421
5058,1243
5059,383
5060,947
5061,807
5062,930
5063,925
5064,959
5065,771
5066,1036
5067,790
5068,25
5069,53
5070,1437
5071,1363
5072,878
5073,262
5074,1172
5075,215
5076,566
5077,495
5078,19
5079,1210
5080,765
5081,475
5082,761
5083,1
5084,656
5085,779
5086,510
5087,1245
5088,375
5089,207
5090,791
5091,1331
5092,563
5093,70
5094,1454
5095,667
5096,260
5097,923
5098,480
5099,1406
5100,441
5101,825
5102,815
5103,364
5104,749
5105,164
5106,965
5107,1137
5108,1425
5109,489
5110,428
5111,823
5112,1039
5113,1488
5114,38
5115,358
5116,394
5117,383
5118,696
5119,1309
5120,47
5121,1223
5122,926
5123,923
5124,1017
5125,173
5126,1120
5127,372
5128,775
5129,1015
5130,906
5131,485
5132,594
5133,715
5134,62
5135,1089
5136,150
5137,688
5138,982
5139,121
5140,1493
5141,566
5142,24
5143,988
5144,836
5145,960
5146,1126
5147,713
5148,1240
5149,555
5150,818
5151,238
5152,930
5153,393
5154,1045
5155,1201
5156,1288
5157,1393
5158,184
5159,207
5160,1389
5161,571
5162,40
5163,431
5164,1254
5165,533
5166,116
5167,1083
5168,292
5169,529
5170,6
5171,903
5172,668
5173,1300
5174,502
5175,307
5176,249
5177,301
5178,677
5179,131
5180,604
5181,1282
5182,1151
5183,956
5184,1339
5185,1170
5186,979
5187,1294
5188,187
5189,1227
5190,443
5191,1099
5192,1370
5193,744
5194,134
5195,555
5196,610
5197,1405
5198,1413
5199,853
5200,1426
5201,654
5202,617
5203,1254
5204,1001
5205,784
5206,685
5207,1058
5208,1130
5209,736
5210,48
5211,153
5212,217
5213,693
5214,921
5215,1205
5216,349
5217,1180
5218,999
5219,78
5220,527
5221,454
5222,1330
5223,1381
5224,1229
5225,792
5226,739
5227,467
5228,1159
5229,130
5230,407
5231,203
5232,741
5233,450
5234,297
5235,565
5236,1291
5237,837
5238,1234
5239,1370
5240,1353
5241,527
5242,1316
5243,1364
5244,1439
5245,527
5246,343
5247,876
5248,1397
5249,1351
5250,857
5251,224
5252,634
5253,1071
5254,841
5255,518
5256,514
5257,90
5258,433
5259,1004
5260,362
5261,1490
5262,124
5263,883
5264,745
5265,1250
5266,1331
5267,815
5268,945
5269,1048
5270,781
5271,278
5272,643
5273,363
5274,697
5275,923
5276,314
5277,374
5278,1234
5279,567
5280,298
5281,1070
5282,1075
5283,1239
5284,1140
5285,1487
5286,862
5287,430
5288,1294
5289,397
5290,437
5291,1242
5292,1322
5293,509
5294,1094
5295,1383
5296,1198
5297,8
5298,997
5299,255
5300,1269
5301,101
5302,1489
5303,266
5304,630
5305,351
5306,1221
5307,590
5308,1117
5309,101
5310,679
5311,1366
5312,1390
5313,313
5314,592
5315,614
5316,848
5317,806
5318,159
5319,1144
5320,339
5321,473
5322,1261
5323,1034
5324,595
5325,1368
5326,591
5327,848
5328,369
5329,275
5330,737
5331,844
5332,1208
5333,586
5334,1342
5335,911
5336,106
5337,1108
5338,862
5339,584
5340,701
5341,453
5342,921
5343,850
5344,671
5345,428
5346,598
5347,747
5348,708
5349,464
5350,873
5351,340
5352,751
5353,183
5354,708
5355,1176
5356,1226
5357,1042
5358,1118
5359,99
5360,512
5361,981
5362,1201
5363,874
5364,1280
5365,410
5366,231
5367,130
5368,874
5369,998
5370,428
5371,1175
5372,1109
5373,540
5374,358
5375,1113
5376,1007
5377,257
5378,383
5379,729
5380,767
5381,249
5382,1423
5383,583
5384,572
5385,91
5386,1313
5387,353
5388,1480
5389,744
5390,1312
5391,269
5392,249
5393,1201
5394,1229
5395,815
5396,49
5397,1415
5398,590
5399,1404
5400,1306
5401,1277
5402,1033
5403,1010
5404,799
5405,38
5406,582
5407,1096
5408,1218
5409,839
5410,1064
5411,33
5412,703
5413,762
5414,1338
5415,467
5416,345
5417,529
5418,256
5419,838
5420,964
5421,1201
5422,1458
5423,111
5424,371
5425,451
5426,375
5427,1241
5428,210
5429,45
5430,1290
5431,1442
5432,340
5433,499
5434,755
5435,789
5436,1486
5437,606
5438,19
5439,634
5440,835
5441,775
5442,768
5443,1384
5444,1211
5445,378
5446,533
5447,1001
5448,616
5449,643
5450,252
5451,382
5452,1111
5453,1264
5454,1177
5455,462
5456,205
5457,240
5458,590
5459,777
5460,1339
5461,1348
5462,5
5463,1061
5464,448
5465,297
5466,833
5467,51
5468,501
5469,828
5470,408
5471,890
5472,690
5473,1199
5474,273
5475,86
5476,794
5477,386
5478,1060
5479,140
5480,863
5481,1484
5482,140
5483,453
5484,1266
5485,800
5486,263
5487,320
5488,1147
5489,1291
5490,541
5491,711
5492,1174
5493,266
5494,310
5495,1161
5496,280
5497,1156
5498,746
5499,1485
5500,50
5501,1418
5502,338
5503,53
5504,1086
5505,799
5506,1256
5507,163
5508,122
5509,851
5510,1323
5511,609
5512,1196
5513,1359
5514,1304
5515,763
5516,1047
5517,788
5518,1011
5519,851
5520,788
5521,655
5522,979
5523,1126
5524,1378
5525,920
5526,151
5527,881
5528,474
5529,41
5530,109
5531,887
5532,1417
5533,758
5534,668
5535,133
5536,1013
5537,84
5538,1261
5539,1224
5540,1486
5541,427
5542,243
5543,450
5544,1199
5545,329
5546,1331
5547,232
5548,74
5549,329
5550,1131
5551,903
5552,532
5553,984
5554,973
5555,832
5556,771
5557,153
5558,390
5559,792
5560,203
5561,714
5562,176
5563,1181
5564,155
5565,139
5566,957
5567,331
5568,527
5569,472
5570,325
5571,1142
5572,1038
5573,358
5574,1030
5575,1070
5576,809
5577,868
5578,1402
5579,681
5580,578
5581,808
5582,1253
5583,1064
5584,113
5585,689
5586,1110
5587,336
5588,1482
5589,1212
5590,1270
5591,123
5592,869
5593,792
5594,940
5595,1275
5596,530
5597,801
5598,1019
5599,1130
5600,1155
5601,506
5602,1497
5603,15
5604,739
5605,913
5606,92
5607,677
5608,894
5609,911
5610,179
5611,416
5612,367
5613,960
5614,493
5615,857
5616,1096
5617,1196
5618,276
5619,1355
5620,249
5621,33
5622,68
5623,302
5624,1309
5625,312
5626,1040
5627,628
5628,60
5629,666
5630,43
5631,714
5632,838
5633,782
5634,424
5635,1150
5636,895
5637,382
5638,652
5639,163
5640,1385
5641,1129
5642,432
5643,1012
5644,1019
5645,914
5646,82
5647,1317
5648,1433
5649,1461
5650,1471
5651,1393
5652,1108
5653,86
5654,698
5655,368
5656,330
5657,1246
5658,1218
5659,783
5660,1104
5661,194
5662,333
5663,1290
5664,677
5665,820
5666,694
5667,304
5668,1239
5669,1137
5670,1026
5671,530
5672,965
5673,1429
5674,975
5675,741
5676,406
5677,784
5678,558
5679,917
5680,69
5681,286
5682,1180
5683,571
5684,650
5685,816
5686,657
5687,1138
5688,368
5689,1137
5690,314
5691,556
5692,882
5693,1329
5694,349
5695,881
5696,97
5697,114
5698,1151
5699,1078
5700,565
5701,934
5702,570
5703,416
5704,647
5705,468
5706,1222
5707,618
5708,481
5709,804
5710,1137
5711,411
5712,1409
5713,695
5714,991
5715,1435
5716,648
5717,300
5718,1121
5719,10
5720,687
5721,1470
5722,622
5723,1026
5724,788
5725,322
5726,477
5727,785
5728,157
5729,622
5730,622
5731,1252
5732,186
5733,1264
5734,616
5735,977
5736,835
5737,450
5738,1396
5739,337
5740,55
5741,1125
5742,932
5743,1335
5744,687
5745,26
5746,31
5747,650
5748,375
5749,1383
5750,178
5751,1321
5752,325
5753,179
5754,412
5755,217
5756,602
5757,496
5758,794
5759,806
5760,2
5761,188
5762,243
5763,292
5764,141
5765,472
5766,824
5767,464
5768,494
5769,704
5770,823
5771,497
5772,333
5773,614
5774,37
5775,739
5776,1412
5777,597
5778,163
5779,1060
5780,191
5781,291
5782,220
5783,1325
5784,1471
5785,854
5786,926
5787,968
5788,915
5789,816
5790,1480
5791,1099
5792,133
5793,588
5794,1461
5795,606
5796,306
5797,1302
5798,934
5799,844
5800,630
5801,187
5802,576
5803,656
5804,1396
5805,461
5806,224
5807,641
5808,1495
5809,723
5810,569
5811,1000
5812,973
5813,449
5814,1451
5815,889
5816,87
5817,611
5818,1384
5819,590
5820,852
5821,919
5822,1056
5823,1308
5824,224
5825,775
5826,800
5827,229
5828,1010
5829,178
5830,684
5831,496
5832,233
5833,1233
5834,366
5835,383
5836,1281
5837,1316
5838,52
5839,417
5840,1063
5841,1167
5842,1499
5843,832
5844,12
5845,1310
5846,242
5847,182
5848,1011
5849,906
5850,90
5851,254
5852,885
5853,383
5854,1026
5855,618
5856,882
5857,712
5858,548
5859,514
5860,1046
5861,772
5862,891
5863,866
5864,312
5865,1369
5866,845
5867,1077
5868,1322
5869,1387
5870,1000
5871,1180
5872,708
5873,1106
5874,483
5875,1067
5876,129
5877,1371
5878,367
5879,985
5880,17
5881,234
5882,1479
5883,1250
5884,334
5885,197
5886,1222
5887,1485
5888,253
5889,996
5890,426
5891,1116
5892,627
5893,188
5894,487
5895,808
5896,1197
5897,32
5898,1436
5899,974
5900,1313
5901,1395
5902,231
5903,141
5904,1165
5905,282
5906,222
5907,703
5908,1370
5909,1193
5910,777
5911,295
5912,505
5913,1033
5914,236
5915,787
5916,18
5917,488
5918,372
5919,1021
5920,1371
5921,220
5922,1196
5923,984
5924,1454
5925,1367
5926,152
5927,1115
5928,888
5929,170
5930,386
5931,1390
5932,814
5933,508
5934,481
5935,1256
5936,425
5937,239
5938,861
5939,1488
5940,275
5941,383
5942,704
5943,300
5944,976
5945,381
5946,193
5947,392
5948,1395
5949,1402
5950,759
5951,601
5952,1229
5953,292
5954,981
5955,1020
5956,1065
5957,327
5958,1074
5959,918
5960,1312
5961,262
5962,920
5963,1244
5964,418
5965,1115
5966,150
5967,1077
5968,909
5969,289
5970,100
5971,1118
5972,362
5973,746
5974,92
5975,1445
5976,823
5977,1397
5978,241
5979,309
5980,916
5981,907
5982,1186
5983,1392
5984,1232
5985,211
5986,465
5987,1370
5988,823
5989,1300
5990,844
5991,75
5992,709
5993,1237
5994,983
5995,200
5996,315
5997,1281
5998,1468
5999,1129
6000,148
6001,929
6002,1244
6003,960
6004,891
6005,701
6006,368
6007,421
6008,1118
6009,105
6010,127
6011,595
6012,1161
6013,985
6014,885
6015,801
6016,167
6017,498
6018,120
6019,1137
6020,1126
6021,387
6022,440
6023,476
6024,1334
6025,733
6026,1143
6027,673
6028,1047
6029,792
6030,418
6031,1314
6032,1063
6033,1154
6034,1422
6035,373
6036,138
6037,873
6038,489
6039,654
6040,352
6041,598
6042,590
6043,526
6044,1113
6045,889
6046,711
6047,169
6048,856
6049,263
6050,471
6051,622
6052,212
6053,584
6054,401
6055,1274
6056,1289
6057,7
6058,904
6059,961
6060,567
6061,704
6062,1185
6063,567
6064,97
6065,559
6066,381
6067,574
6068,345
6069,225
6070,1478
6071,194
6072,1059
6073,1076
6074,927
6075,1367
6076,8
6077,453
6078,277
6079,865
6080,953
6081,1346
6082,570
6083,354
6084,1386
6085,1009
6086,1147
6087,668
6088,671
6089,584
6090,1124
6091,316
6092,1463
6093,264
6094,692
6095,472
6096,964
6097,1021
6098,1378
6099,1184
6100,373
6101,310
6102,1329
6103,732
6104,147
6105,1237
6106,973
6107,39
6108,1174
6109,911
6110,922
6111,1297
6112,743
6113,692
6114,926
6115,297
6116,228
6117,1265
6118,324
6119,757
6120,405
6121,346
6122,897
6123,1203
6124,663
6125,208
6126,367
6127,247
6128,1324
6129,479
6130,561
6131,107
6132,669
6133,1370
6134,615
6135,977
6136,273
6137,215
6138,1097
6139,99
6140,673
6141,475
6142,25
6143,797
6144,1446
6145,104
6146,1223
6147,809
6148,1085
6149,145
6150,1303
6151,18
6152,1360
6153,987
6154,506
6155,11
6156,916
6157,132
6158,913
6159,1159
6160,401
6161,358
6162,333
6163,338
6164,171
6165,375
6166,989
6167,454
6168,1171
6169,1229
6170,1141
6171,809
6172,475
6173,1394
6174,308
6175,697
6176,680
6177,1118
6178,820
6179,1199
6180,1378
6181,586
6182,1312
6183,255
6184,1374
6185,267
6186,1275
6187,585
6188,1446
6189,194
6190,698
6191,1352
6192,72
6193,398
6194,126
6195,482
6196,586
6197,928
6198,387
6199,238
6200,255
6201,1407
6202,1429
6203,332
6204,293
6205,82
6206,1439
6207,1059
6208,1141
6209,436
6210,961
6211,90
6212,1014
6213,869
6214,497
6215,1065
6216,969
6217,659
6218,280
6219,36
6220,1406
6221,422
6222,453
6223,1021
6224,383
6225,564
6226,1067
6227,893
6228,985
6229,8
6230,677
6231,713
6232,949
6233,228
6234,240
6235,1143
6236,1010
6237,1216
6238,406
6239,1496
6240,409
6241,976
6242,244
6243,1377
6244,499
6245,1203
6246,497
6247,1186
6248,681
6249,94
6250,286
6251,1025
6252,290
6253,413
6254,813
6255,380
6256,194
6257,936
6258,1033
6259,1099
6260,1415
6261,187
6262,640
6263,351
6264,1351
6265,810
6266,148
6267,1038
6268,65
6269,411
6270,1082
6271,759
6272,1141
6273,857
6274,1264
6275,844
6276,86
6277,107
6278,1165
6279,58
6280,565
6281,25
6282,455
6283,893
6284,260
6285,699
6286,1494
6287,106
6288,96
6289,407
6290,1240
6291,609
6292,959
6293,51
6294,1102
6295,102
6296,1067
6297,222
6298,1287
6299,444
6300,276
6301,505
6302,2
6303,248
6304,898
6305,451
6306,531
6307,1211
6308,186
6309,594
6310,280
6311,724
6312,498
6313,70
6314,106
6315,1278
6316,86
6317,1174
6318,1374
6319,699
6320,468
6321,1164
6322,1473
6323,181
6324,1446
6325,1415
6326,214
6327,83
6328,1072
6329,117
6330,901
6331,98
6332,1036
6333,348
6334,145
6335,100
6336,283
6337,811
6338,115
6339,1203
6340,906
6341,446
6342,1479
6343,988
6344,1008
6345,261
6346,1066
6347,839
6348,1476
6349,717
6350,1017
6351,512
6352,61
6353,192
6354,1300
6355,1107
6356,547
6357,1047
6358,7
6359,56
6360,761
6361,937
6362,1405
6363,1139
6364,386
6365,1222
6366,737
6367,1239
6368,261
6369,40
6370,87
6371,1486
6372,121
6373,1409
6374,1090
6375,219
6376,1296
6377,217
6378,215
6379,863
6380,433
6381,436
6382,293
6383,911
6384,41
6385,368
6386,830
6387,730
6388,1050
6389,325
6390,972
6391,1140
6392,582
6393,385
6394,832
6395,868
6396,142
6397,848
6398,232
6399,853
6400,1397
6401,806
6402,1142
6403,465
6404,1384
6405,1219
6406,1375
6407,1112
6408,974
6409,787
6410,1392
6411,1272
6412,625
6413,129
6414,6
6415,350
6416,94
6417,318
6418,165
6419,1471
6420,143
6421,940
6422,528
6423,262
6424,1052
6425,1455
6426,1186
6427,1462
6428,885
6429,1010
6430,220
6431,1278
6432,1122
6433,381
6434,532
6435,916
6436,20
6437,1227
6438,421
6439,113
6440,496
6441,1253
6442,412
6443,809
6444,1217
6445,51
6446,1140
6447,433
6448,1043
6449,282
6450,209
6451,1182
6452,1211
6453,1472
6454,1016
6455,699
6456,293
6457,443
6458,972
6459,519
6460,725
6461,252
6462,659
6463,357
6464,169
6465,198
6466,777
6467,550
6468,150
6469,771
6470,247
6471,24
6472,199
6473,673
6474,1431
6475,363
6476,428
6477,364
6478,533
6479,1076
6480,483
6481,986
6482,1347
6483,1419
6484,844
6485,1070
6486,1378
6487,1180
6488,450
6489,198
6490,173
6491,1323
6492,834
6493,445
6494,518
6495,423
6496,1203
6497,919
6498,1319
6499,453
6500,709
6501,183
6502,1457
6503,768
6504,829
6505,621
6506,407
6507,1422
6508,733
6509,1012
6510,56
6511,414
6512,1206
6513,132
6514,153
6515,1214
6516,463
6517,411
6518,848
6519,293
6520,65
6521,7
6522,119
6523,238
6524,1044
6525,447
6526,108
6527,22
6528,716
6529,1260
6530,508
6531,96
6532,342
6533,749
6534,283
6535,1467
6536,1145
6537,517
6538,1427
6539,488
6540,211
6541,1407
6542,1439
6543,469
6544,892
6545,260
6546,962
6547,1035
6548,1065
6549,853
6550,1056
6551,833
6552,1229
6553,270
6554,725
6555,625
6556,800
6557,213
6558,486
6559,1431
6560,158
6561,953
6562,997
6563,712
6564,51
6565,52
6566,414
6567,154
6568,142
6569,241
6570,286
6571,1257
6572,958
6573,46
6574,943
6575,205
6576,632
6577,58
6578,136
6579,199
6580,650
6581,695
6582,529
6583,930
6584,1080
6585,1093
6586,868
6587,818
6588,737
6589,357
6590,730
6591,16
6592,1449
6593,555
6594,1134
6595,1435
6596,745
6597,1292
6598,719
6599,199
6600,40
6601,204
6602,1413
6603,713
6604,479
6605,669
6606,384
6607,1305
6608,1499
6609,128
6610,1078
6611,504
6612,71
6613,1383
6614,93
6615,309
6616,39
6617,707
6618,899
6619,481
6620,108
6621,175
6622,1400
6623,1209
6624,1405
6625,796
6626,819
6627,1179
6628,925
6629,655
6630,438
6631,728
6632,96
6633,289
6634,1106
6635,1302
6636,153
6637,146
6638,129
6639,1187
6640,467
6641,490
6642,19
6643,1458
6644,651
6645,1196
6646,1061
6647,213
6648,1202
6649,825
6650,906
6651,301
6652,1270
6653,1397
6654,610
6655,139
6656,1273
6657,1331
6658,760
6659,869
6660,335
6661,102
6662,1416
6663,724
6664,413
6665,1040
6666,40
6667,120
6668,364
6669,676
6670,550
6671,281
6672,527
6673,501
6674,787
6675,844
6676,1324
6677,1210
6678,439
6679,1354
6680,781
6681,282
6682,510
6683,1112
6684,1232
6685,561
6686,237
6687,288
6688,156
6689,1048
6690,754
6691,677
6692,1008
6693,1243
6694,1193
6695,206
6696,884
6697,1323
6698,1161
6699,494
6700,589
6701,1335
6702,50
6703,788
6704,175
6705,1341
6706,59
6707,36
6708,494
6709,301
6710,743
6711,450
6712,535
6713,847
6714,841
6715,1402
6716,721
6717,846
6718,1017
6719,262
6720,1000
6721,1293
6722,477
6723,268
6724,519
6725,413
6726,878
6727,1295
6728,895
6729,189
6730,472
6731,1034
6732,496
6733,880
6734,1041
6735,494
6736,971
6737,597
6738,203
6739,558
6740,662
6741,4
6742,1339
6743,792
6744,55
6745,1302
6746,1282
6747,19
6748,245
6749,546
6750,761
6751,1088
6752,637
6753,917
6754,16
6755,988
6756,1373
6757,789
6758,682
6759,446
6760,1431
6761,50
6762,430
6763,208
6764,1299
6765,724
6766,1383
6767,998
6768,835
6769,776
6770,304
6771,843
6772,1028
6773,1448
6774,823
6775,1408
6776,1416
6777,784
6778,659
6779,214
6780,403
6781,1318
6782,208
6783,596
6784,1048
6785,361
6786,1461
6787,974
6788,43
6789,371
6790,1110
6791,1294
6792,1390
6793,1276
6794,113
6795,1094
6796,166
6797,115
6798,1038
6799,717
6800,972
6801,1277
6802,104
6803,791
6804,1251
6805,660
6806,785
6807,747
6808,1360
6809,75
6810,1317
6811,1224
6812,1218
6813,619
6814,774
6815,554
6816,378
6817,1313
6818,759
6819,1085
6820,152
6821,1183
6822,988
6823,1496
6824,201
6825,810
6826,767
6827,808
6828,82
6829,710
6830,449
6831,926
6832,348
6833,653
6834,930
6835,97
6836,1180
6837,1073
6838,86
6839,98
6840,1275
6841,425
6842,1291
6843,749
6844,514
6845,411
6846,988
6847,165
6848,604
6849,519
6850,232
6851,529
6852,793
6853,1016
6854,130
6855,1308
6856,1317
6857,1038
6858,1386
6859,642
6860,1232
6861,1091
6862,844
6863,270
6864,836
6865,1352
6866,1476
6867,672
6868,372
6869,1121
6870,114
6871,227
6872,843
6873,1485
6874,493
6875,665
6876,484
6877,661
6878,11
6879,892
6880,894
6881,474
6882,396
6883,1142
6884,282
6885,71
6886,61
6887,1322
6888,547
6889,153
6890,1318
6891,223
6892,505
6893,32
6894,1018
6895,1049
6896,1135
6897,395
6898,492
6899,1407
6900,1232
6901,56
6902,1038
6903,1219
6904,839
6905,960
6906,2
6907,46
6908,53
6909,239
6910,1486
6911,951
6912,1173
6913,444
6914,1406
6915,299
6916,1353
6917,47
6918,31
6919,119
6920,1187
6921,386
6922,677
6923,707
6924,1184
6925,523
6926,11
6927,580
6928,433
6929,1096
6930,1127
6931,138
6932,1189
6933,106
6934,929
6935,584
6936,452
6937,725
6938,466
6939,1191
6940,1450
6941,1223
6942,659
6943,755
6944,671
6945,1190
6946,828
6947,702
6948,614
6949,563
6950,829
6951,1033
6952,649
6953,1210
6954,1240
6955,644
6956,1363
6957,260
6958,1398
6959,441
6960,846
6961,426
6962,663
6963,510
6964,1058
6965,122
6966,1257
6967,1355
6968,844
6969,821
6970,1050
6971,299
6972,1124
6973,328
6974,1014
6975,459
6976,1119
6977,1186
6978,313
6979,926
6980,748
6981,441
6982,882
6983,1489
6984,4
6985,1435
6986,1284
6987,794
6988,915
6989,554
6990,194
6991,857
6992,1224
6993,347
6994,1075
6995,1122
6996,1137
6997,510
6998,588
6999,624
7000,1281
7001,1350
7002,621
7003,1454
7004,856
7005,578
7006,1
7007,917
7008,967
7009,1452
7010,1077
7011,45
7012,851
7013,1114
7014,745
7015,644
7016,1215
7017,917
7018,1022
7019,696
7020,417
7021,779
7022,1438
7023,904
7024,1061
7025,187
7026,1481
7027,367
7028,1456
7029,669
7030,1378
7031,1337
7032,1133
7033,1374
7034,914
7035,1273
7036,259
7037,106
7038,815
7039,1214
7040,1148
7041,792
7042,781
7043,915
7044,1302
7045,1262
7046,165
7047,894
7048,572
7049,1199
7050,759
7051,1487
7052,649
7053,1018
7054,163
7055,1398
7056,231
7057,568
7058,1256
7059,1451
7060,727
7061,727
7062,74
7063,1468
7064,25
7065,40
7066,710
7067,6
7068,247
7069,941
7070,1057
7071,447
7072,1193
7073,911
7074,343
7075,1068
7076,888
7077,1218
7078,232
7079,347
7080,456
7081,512
7082,1333
7083,1099
7084,816
7085,811
7086,1328
7087,670
7088,338
7089,206
7090,495
7091,980
7092,706
7093,633
7094,720
7095,1462
7096,1496
7097,242
7098,172
7099,367
7100,1278
7101,689
7102,1295
7103,970
7104,830
7105,422
7106,516
7107,222
7108,779
7109,421
7110,439
7111,60
7112,1198
7113,1408
7114,747
7115,804
7116,1388
7117,767
7118,934
7119,642
7120,771
7121,783
7122,1066
7123,906
7124,756
7125,114
7126,1356
7127,1332
7128,277
7129,440
7130,1460
7131,482
7132,1218
7133,1178
7134,1291
7135,24
7136,724
7137,848
7138,1255
7139,337
7140,460
7141,270
7142,1143
7143,1498
7144,211
7145,350
7146,461
7147,1333
7148,669
7149,423
7150,484
7151,897
7152,581
7153,211
7154,1230
7155,633
7156,385
7157,1092
7158,1118
7159,233
7160,111
7161,69
7162,1148
7163,938
7164,1188
7165,939
7166,603
7167,884
7168,1083
7169,598
7170,1372
7171,1349
7172,1201
7173,1488
7174,586
7175,172
7176,726
7177,1119
7178,1169
7179,583
7180,439
7181,668
7182,1206
7183,91
7184,492
7185,345
7186,1209
7187,705
7188,131
7189,393
7190,67
7191,713
7192,1496
7193,851
7194,1304
7195,1114
7196,1324
7197,467
7198,1426
7199,358
7200,658
7201,1022
7202,430
7203,397
7204,195
7205,7
7206,752
7207,1480
7208,330
7209,660
7210,1403
7211,1158
7212,7
7213,751
7214,215
7215,371
7216,370
7217,919
7218,299
7219,378
7220,339
7221,535
7222,984
7223,600
7224,491
7225,776
7226,922
7227,24
7228,1335
7229,1374
7230,904
7231,862
7232,1042
7233,661
7234,548
7235,529
7236,240
7237,1261
7238,481
7239,427
7240,1446
7241,760
7242,933
7243,368
7244,416
7245,1092
7246,676
7247,222
7248,1253
7249,604
7250,1002
7251,512
7252,841
7253,1163
7254,1327
7255,311
7256,1008
7257,1372
7258,964
7259,215
7260,285
7261,305
7262,160
7263,1130
7264,1447
7265,775
7266,898
7267,1160
7268,624
7269,709
7270,883
7271,457
7272,93
7273,852
7274,1233
7275,110
7276,325
7277,395
7278,1207
7279,757
7280,802
7281,968
7282,415
7283,1070
7284,46
7285,171
7286,1223
7287,987
7288,265
7289,658
7290,78
7291,1008
7292,1134
7293,418
7294,525
7295,355
7296,584
7297,409
7298,371
7299,645
7300,1288
7301,1144
7302,446
7303,1414
7304,316
7305,1366
7306,464
7307,810
7308,305
7309,1143
7310,477
7311,1308
7312,125
7313,753
7314,238
7315,1333
7316,626
7317,1012
7318,1319
7319,803
7320,86
7321,331
7322,319
7323,1371
7324,1362
7325,715
7326,1335
7327,369
7328,1019
7329,588
7330,361
7331,375
7332,630
7333,510
7334,317
7335,501
7336,193
7337,1454
7338,570
7339,161
7340,864
7341,1324
7342,540
7343,1268
7344,916
7345,1109
7346,445
7347,56
7348,519
7349,1386
7350,1186
7351,1176
7352,1317
7353,560
7354,483
7355,1387
7356,857
7357,447
7358,417
7359,1316
7360,80
7361,93
7362,1107
7363,3
7364,257
7365,1485
7366,639
7367,1091
7368,731
7369,136
7370,277
7371,1141
7372,142
7373,892
7374,522
7375,556
7376,1428
7377,909
7378,923
7379,526
7380,572
7381,1028
7382,59
7383,356
7384,900
7385,935
7386,139
7387,1181
7388,814
7389,357
7390,1128
7391,1486
7392,635
7393,425
7394,449
7395,889
7396,72
7397,725
7398,38
7399,58
7400,645
7401,1118
7402,1325
7403,132
7404,366
7405,633
7406,861
7407,1480
7408,1026
7409,808
7410,92
7411,122
7412,230
7413,991
7414,497
7415,362
7416,1005
7417,1223
7418,659
7419,1322
7420,1101
7421,1074
7422,1301
7423,276
7424,1137
7425,1436
7426,1488
7427,867
7428,1131
7429,1333
7430,1278
7431,1346
7432,1248
7433,572
7434,1095
7435,616
7436,1202
7437,1215
7438,1402
7439,882
7440,713
7441,249
7442,957
7443,850
7444,772
7445,1014
7446,1276
7447,223
7448,647
7449,1083
7450,1229
7451,1167
7452,1199
7453,1282
7454,1442
7455,912
7456,374
7457,845
7458,1064
7459,151
7460,1135
7461,816
7462,1404
7463,318
7464,1360
7465,672
7466,860
7467,990
7468,869
7469,1355
7470,251
7471,1095
7472,1462
7473,330
7474,383
7475,713
7476,1087
7477,1438
7478,1193
7479,1191
7480,662
7481,968
7482,317
7483,695
7484,284
7485,41
7486,1284
7487,1207
7488,766
7489,22
7490,136
7491,168
7492,1075
7493,306
7494,376
7495,1291
7496,1314
7497,1144
7498,465
7499,870
7500,301
7501,128
7502,1116
7503,767
7504,1136
7505,676
7506,238
7507,1127
7508,946
7509,697
7510,559
7511,516
7512,722
7513,393
7514,424
7515,417
7516,20
7517,1391
7518,355
7519,248
7520,227
7521,1482
7522,715
7523,491
7524,606
7525,133
7526,471
7527,373
7528,1205
7529,88
7530,638
7531,1185
7532,1250
7533,769
7534,334
7535,506
7536,334
7537,993
7538,439
7539,946
7540,983
7541,1409
7542,556
7543,1441
7544,601
7545,1021
7546,992
7547,1226
7548,704
7549,1188
7550,533
7551,737
7552,750
7553,1056
7554,927
7555,118
7556,1213
7557,1137
7558,157
7559,1442
7560,991
7561,128
7562,737
7563,1254
7564,420
7565,1399
7566,628
7567,340
7568,535
7569,787
7570,1032
7571,1391
7572,293
7573,1440
7574,792
7575,192
7576,1389
7577,524
7578,931
7579,1047
7580,21
7581,333
7582,1029
7583,487
7584,14
7585,35
7586,1239
7587,231
7588,151
7589,843
7590,179
7591,979
7592,816
7593,973
7594,737
7595,1167
7596,967
7597,623
7598,24
7599,410
7600,198
7601,24
7602,410
7603,310
7604,116
7605,469
7606,760
7607,268
7608,410
7609,31
7610,76
7611,237
7612,679
7613,999
7614,1182
7615,944
7616,925
7617,1403
7618,384
7619,1197
7620,1405
7621,852
7622,1260
7623,207
7624,1318
7625,846
7626,333
7627,93
7628,1080
7629,646
7630,465
7631,585
7632,1486
7633,642
7634,119
7635,420
7636,218
7637,1029
7638,1200
7639,1261
7640,949
7641,1153
7642,626
7643,942
7644,161
7645,807
7646,836
7647,47
7648,822
7649,1084
7650,552
7651,817
7652,429
7653,406
7654,195
7655,492
7656,1204
7657,1403
7658,953
7659,936
7660,921
7661,714
7662,635
7663,931
7664,1176
7665,621
7666,849
7667,705
7668,428
7669,436
7670,119
7671,660
7672,1068
7673,1028
7674,1478
7675,60
7676,1141
7677,1192
7678,655
7679,425
7680,536
7681,1024
7682,1293
7683,964
7684,771
7685,979
7686,106
7687,912
7688,64
7689,1438
7690,1333
7691,763
7692,561
7693,1098
7694,956
7695,1058
7696,773
7697,355
7698,110
7699,425
7700,793
7701,636
7702,760
7703,417
7704,1406
7705,550
7706,1269
7707,587
7708,665
7709,906
7710,395
7711,330
7712,569
7713,1206
7714,217
7715,656
7716,1008
7717,1059
7718,652
7719,123
7720,24
7721,705
7722,1215
7723,43
7724,1331
7725,1014
7726,13
7727,516
7728,331
7729,1423
7730,832
7731,486
7732,417
7733,846
7734,8
7735,386
7736,248
7737,930
7738,1004
7739,701
7740,210
7741,556
7742,1264
7743,306
7744,245
7745,168
7746,1225
7747,180
7748,872
7749,1498
7750,963
7751,619
7752,311
7753,3
7754,234
7755,1429
7756,216
7757,30
7758,1224
7759,628
7760,536
7761,1076
7762,785
7763,1371
7764,701
7765,1069
7766,1318
7767,695
7768,427
7769,1461
7770,340
7771,59
7772,867
7773,1480
7774,130
7775,1274
7776,1245
7777,1393
7778,632
7779,382
7780,768
7781,214
7782,1264
7783,995
7784,725
7785,774
7786,1068
7787,785
7788,1259
7789,1387
7790,1424
7791,930
7792,1114
7793,467
7794,58
7795,600
7796,1307
7797,201
7798,819
7799,289
7800,644
7801,215
7802,1102
7803,1215
7804,1137
7805,1057
7806,353
7807,795
7808,158
7809,562
7810,759
7811,1003
7812,146
7813,1219
7814,688
7815,1321
7816,791
7817,820
7818,1039
7819,1230
7820,237
7821,767
7822,45
7823,712
7824,1220
7825,1298
7826,425
7827,580
7828,827
7829,594
7830,267
7831,458
7832,606
7833,778
7834,1381
7835,817
7836,581
7837,991
7838,1159
7839,646
7840,734
7841,327
7842,1297
7843,1300
7844,263
7845,519
7846,408
7847,1384
7848,98
7849,311
7850,473
7851,840
7852,374
7853,805
7854,1121
7855,1243
7856,149
7857,209
7858,143
7859,1364
7860,978
7861,797
7862,1186
7863,879
7864,353
7865,765
7866,1055
7867,55
7868,909
7869,746
7870,105
7871,396
7872,673
7873,514
7874,435
7875,974
7876,607
7877,747
7878,1197
7879,140
7880,540
7881,110
7882,1391
7883,279
7884,1229
7885,287
7886,486
7887,912
7888,1247
7889,267
7890,320
7891,1322
7892,483
7893,315
7894,1115
7895,137
7896,1300
7897,1313
7898,1284
7899,443
7900,172
7901,638
7902,502
7903,1438
7904,947
7905,1416
7906,1126
7907,1072
7908,168
7909,104
7910,70
7911,890
7912,303
7913,1483
7914,199
7915,1420
7916,1001
7917,159
7918,88
7919,594
7920,509
7921,473
7922,793
7923,195
7924,195
7925,1042
7926,1485
7927,411
7928,1397
7929,517
7930,504
7931,136
7932,635
7933,747
7934,995
7935,238
7936,283
7937,648
7938,105
7939,215
7940,943
7941,1430
7942,859
7943,218
7944,1486
7945,783
7946,1075
7947,296
7948,868
7949,115
7950,938
7951,304
7952,1364
7953,83
7954,979
7955,209
7956,1030
7957,740
7958,1451
7959,978
7960,558
7961,131
7962,894
7963,662
7964,79
7965,872
7966,315
7967,352
7968,14
7969,558
7970,328
7971,108
7972,652
7973,330
7974,202
7975,700
7976,95
7977,1485
7978,706
7979,1494
7980,1322
7981,1469
7982,814
7983,635
7984,1080
7985,121
7986,1260
7987,486
7988,12
7989,357
7990,364
7991,22
7992,1003
7993,143
7994,1270
7995,680
7996,1077
7997,510
7998,198
7999,271
8000,969
8001,1074
8002,402
8003,536
8004,1417
8005,1277
8006,620
8007,362
8008,452
8009,808
8010,850
8011,277
8012,99
8013,743
8014,1196
8015,229
8016,613
8017,243
8018,363
8019,918
8020,430
8021,396
8022,1493
8023,259
8024,284
8025,1394
8026,825
8027,65
8028,638
8029,848
8030,380
8031,822
8032,973
8033,376
8034,1218
8035,679
8036,1445
8037,132
8038,487
8039,1082
8040,1342
8041,333
8042,1470
8043,290
8044,624
8045,473
8046,637
8047,1353
8048,1099
8049,1194
8050,381
8051,1420
8052,653
8053,978
8054,1046
8055,994
8056,903
8057,720
8058,971
8059,1357
8060,585
8061,766
8062,270
8063,533
8064,1158
8065,960
8066,317
8067,819
8068,1218
8069,186
8070,93
8071,589
8072,985
8073,470
8074,1231
8075,1270
8076,799
8077,568
8078,63
8079,1232
8080,1343
8081,664
8082,775
8083,1130
8084,1043
8085,203
8086,1008
8087,1387
8088,1126
8089,721
8090,785
8091,390
8092,991
8093,362
8094,513
8095,398
8096,503
8097,550
8098,125
8099,1076
8100,662
8101,1424
8102,272
8103,1003
8104,269
8105,821
8106,736
8107,673
8108,982
8109,1242
8110,475
8111,1274
8112,278
8113,440
8114,466
8115,1430
8116,178
8117,593
8118,637
8119,1200
8120,729
8121,1450
8122,1110
8123,1055
8124,1129
8125,243
8126,674
8127,879
8128,313
8129,179
8130,204
8131,1183
8132,985
8133,422
8134,1106
8135,1043
8136,1224
8137,1365
8138,1323
8139,272
8140,1154
8141,589
8142,605
8143,971
8144,903
8145,630
8146,1499
8147,263
8148,146
8149,44
8150,1221
8151,610
8152,656
8153,974
8154,653
8155,861
8156,88
8157,235
8158,1398
8159,676
8160,251
8161,554
8162,502
8163,412
8164,441
8165,1094
8166,161
8167,465
8168,702
8169,810
8170,1320
8171,1384
8172,446
8173,809
8174,34
8175,925
8176,230
8177,110
8178,1007
8179,268
8180,716
8181,152
8182,1118
8183,1147
8184,862
8185,1254
8186,655
8187,280
8188,227
8189,329
8190,301
8191,485
8192,322
8193,887
8194,223
8195,933
8196,501
8197,1030
8198,769
8199,1357
8200,660
8201,443
8202,884
8203,988
8204,659
8205,840
8206,706
8207,459
8208,471
8209,1361
8210,1013
8211,144
8212,1443
8213,1068
8214,76
8215,1092
8216,884
8217,1373
8218,734
8219,778
8220,472
8221,483
8222,927
8223,1241
8224,1336
8225,1156
8226,915
8227,750
8228,510
8229,1152
8230,477
8231,402
8232,1301
8233,884
8234,531
8235,1297
8236,1444
8237,477
8238,782
8239,725
8240,1052
8241,1426
8242,823
8243,1197
8244,893
8245,1330
8246,607
8247,578
8248,634
8249,1494
8250,917
8251,229
8252,62
8253,778
8254,1208
8255,719
8256,840
8257,1197
8258,775
8259,1363
8260,957
8261,1096
8262,1172
8263,940
8264,76
8265,641
8266,213
8267,765
8268,215
8269,764
8270,516
8271,31
8272,188
8273,755
8274,119
8275,1284
8276,1138
8277,1064
8278,259
8279,1193
8280,952
8281,586
8282,1
8283,793
8284,1194
8285,51
8286,79
8287,575
8288,767
8289,712
8290,639
8291,383
8292,90
8293,47
8294,149
8295,1035
8296,1179
8297,653
8298,117
8299,624
8300,1478
8301,375
8302,737
8303,807
8304,495
8305,657
8306,708
8307,711
8308,1076
8309,871
8310,81
8311,10
8312,616
8313,1361
8314,56
8315,107
8316,1019
8317,676
8318,346
8319,311
8320,997
8321,786
8322,957
8323,421
8324,790
8325,1290
8326,475
8327,595
8328,246
8329,958
8330,49
8331,374
8332,1069
8333,30
8334,1483
8335,606
8336,598
8337,805
8338,959
8339,689
8340,1326
8341,1443
8342,301
8343,1060
8344,452
8345,1493
8346,380
8347,443
8348,1071
8349,1183
8350,193
8351,833
8352,519
8353,918
8354,835
8355,1478
8356,1400
8357,981
8358,1019
8359,1348
8360,276
8361,1088
8362,1158
8363,191
8364,1322
8365,1049
8366,521
8367,726
8368,734
8369,1378
8370,1453
8371,1210
8372,978
8373,157
8374,1372
8375,201
8376,251
8377,105
8378,1421
8379,740
8380,354
8381,122
8382,618
8383,1085
8384,1491
8385,828
8386,911
8387,1253
8388,1352
8389,420
8390,1487
8391,779
8392,1395
8393,177
8394,147
8395,1327
8396,1009
8397,263
8398,1342
8399,154
8400,1023
8401,308
8402,106
8403,1209
8404,1271
8405,159
8406,140
8407,922
8408,44
8409,1119
8410,1373
8411,1126
8412,346
8413,285
8414,1021
8415,93
8416,807
8417,673
8418,1117
8419,304
8420,1143
8421,1049
8422,358
8423,535
8424,99
8425,674
8426,391
8427,171
8428,840
8429,851
8430,129
8431,279
8432,124
8433,1018
8434,507
8435,107
8436,288
8437,1463
8438,384
8439,1027
8440,703
8441,273
8442,461
8443,22
8444,1120
8445,502
8446,749
8447,230
8448,1236
8449,328
8450,849
8451,1309
8452,1070
8453,905
8454,1332
8455,265
8456,1445
8457,835
8458,615
8459,384
8460,1117
8461,1464
8462,1035
8463,50
8464,704
8465,1098
8466,596
8467,1159
8468,1061
8469,101
8470,837
8471,258
8472,730
8473,577
8474,1210
8475,1302
8476,692
8477,805
8478,939
8479,983
8480,953
8481,1174
8482,1472
8483,1242
8484,202
8485,714
8486,692
8487,763
8488,793
8489,1077
8490,632
8491,395
8492,686
8493,1281
8494,467
8495,32
8496,1464
8497,294
8498,904
8499,1200
8500,412
8501,511
8502,421
8503,225
8504,230
8505,280
8506,687
8507,796
8508,24
8509,1269
8510,1014
8511,106
8512,1264
8513,46
8514,841
8515,698
8516,753
8517,1434
8518,1390
8519,419
8520,869
8521,1438
8522,1093
8523,1331
8524,652
8525,425
8526,766
8527,1225
8528,1393
8529,1029
8530,1060
8531,768
8532,480
8533,634
8534,747
8535,1223
8536,833
8537,1189
8538,42
8539,1135
8540,761
8541,1497
8542,708
8543,718
8544,192
8545,1210
8546,1052
8547,1293
8548,140
8549,318
8550,1315
8551,64
8552,762
8553,607
8554,1409
8555,1285
8556,1345
8557,434
8558,881
8559,1050
8560,1451
8561,12
8562,1465
8563,533
8564,193
8565,923
8566,1172
8567,195
8568,62
8569,1345
8570,1400
8571,235
8572,1356
8573,1364
8574,1496
8575,325
8576,868
8577,1491
8578,1354
8579,907
8580,296
8581,127
8582,389
8583,98
8584,293
8585,113
8586,1143
8587,885
8588,777
8589,1214
8590,616
8591,605
8592,311
8593,667
8594,262
8595,884
8596,1496
8597,800
8598,449
8599,1032
8600,1230
8601,708
8602,376
8603,1071
8604,281
8605,1495
8606,477
8607,526
8608,1090
8609,19
8610,305
8611,189
8612,587
8613,830
8614,270
8615,517
8616,1158
8617,1410
8618,22
8619,941
8620,39
8621,781
8622,1319
8623,1197
8624,349
8625,388
8626,1175
8627,1229
8628,422
8629,5
8630,667
8631,929
8632,666
8633,1402
8634,1220
8635,1182
8636,31
8637,1280
8638,1133
8639,596
8640,884
8641,1236
8642,1359
8643,826
8644,62
8645,928
8646,1020
8647,89
8648,1226
8649,303
8650,1335
8651,826
8652,483
8653,89
8654,27
8655,1112
8656,566
8657,1260
8658,346
8659,1380
8660,1412
8661,153
8662,970
8663,1409
8664,485
8665,102
8666,1313
8667,711
8668,41
8669,1260
8670,1018
8671,106
8672,388
8673,28
8674,1432
8675,38
8676,1193
8677,767
8678,874
8679,1217
8680,1342
8681,192
8682,27
8683,187
8684,1024
8685,853
8686,126
8687,352
8688,806
8689,1095
8690,515
8691,1424
8692,1488
8693,1149
8694,681
8695,1315
8696,1092
8697,779
8698,666
8699,1248
8700,836
8701,275
8702,1499
8703,103
8704,1042
8705,984
8706,879
8707,78
8708,739
8709,1338
8710,360
8711,1037
8712,1288
8713,1428
8714,774
8715,471
8716,1049
8717,729
8718,941
8719,1112
8720,1065
8721,364
8722,1133
8723,813
8724,1396
8725,989
8726,1337
8727,1468
8728,1491
8729,1117
8730,896
8731,178
8732,579
8733,713
8734,1171
8735,883
8736,659
8737,220
8738,1073
8739,648
8740,55
8741,426
8742,1319
8743,179
8744,609
8745,768
8746,126
8747,249
8748,1410
8749,886
8750,316
8751,255
8752,639
8753,1085
8754,1095
8755,293
8756,1088
8757,1344
8758,340
8759,40
8760,1438
8761,783
8762,1164
8763,480
8764,449
8765,338
8766,326
8767,707
8768,159
8769,1263
8770,767
8771,1373
8772,753
8773,455
8774,772
8775,232
8776,1236
8777,1080
8778,221
8779,873
8780,807
8781,302
8782,184
8783,1140
8784,396
8785,778
8786,372
8787,980
8788,74
8789,539
8790,821
8791,659
8792,918
8793,271
8794,663
8795,1135
8796,501
8797,236
8798,1271
8799,1167
8800,1020
8801,1197
8802,1168
8803,1120
8804,764
8805,30
8806,896
8807,410
8808,1160
8809,703
8810,1358
8811,893
8812,826
8813,1378
8814,713
8815,564
8816,557
8817,1312
8818,1134
8819,245
8820,739
8821,557
8822,970
8823,79
8824,1071
8825,1113
8826,340
8827,226
8828,941
8829,386
8830,1412
8831,1163
8832,1432
8833,802
8834,1407
8835,21
8836,435
8837,4
8838,1016
8839,766
8840,432
8841,458
8842,965
8843,271
8844,772
8845,920
8846,360
8847,343
8848,531
8849,888
8850,382
8851,569
8852,815
8853,280
8854,853
8855,208
8856,214
8857,356
8858,430
8859,45
8860,1442
8861,462
8862,1207
8863,1353
8864,1201
8865,1247
8866,151
8867,558
8868,1119
8869,864
8870,9
8871,851
8872,1206
8873,1243
8874,576
8875,355
8876,465
8877,445
8878,520
8879,453
8880,686
8881,62
8882,413
8883,472
8884,230
8885,1316
8886,1013
8887,1368
8888,842
8889,165
8890,1357
8891,687
8892,1026
8893,572
8894,741
8895,734
8896,427
8897,832
8898,1100
8899,31
8900,197
8901,1263
8902,854
8903,1460
8904,907
8905,980
8906,1348
8907,991
8908,495
8909,792
8910,354
8911,502
8912,1020
8913,224
8914,1008
8915,876
8916,463
8917,68
8918,1057
8919,1236
8920,1095
8921,631
8922,980
8923,622
8924,538
8925,491
8926,317
8927,1454
8928,999
8929,263
8930,1297
8931,227
8932,890
8933,249
8934,542
8935,988
8936,1498
8937,1487
8938,1343
8939,353
8940,141
8941,1358
8942,1384
8943,418
8944,29
8945,972
8946,115
8947,61
8948,1405
8949,743
8950,168
8951,982
8952,554
8953,804
8954,1348
8955,357
8956,970
8957,1242
8958,636
8959,1455
8960,673
8961,689
8962,1326
8963,954
8964,1303
8965,1185
8966,1068
8967,362
8968,598
8969,1296
8970,924
8971,421
8972,491
8973,1163
8974,268
8975,169
8976,1147
8977,433
8978,1148
8979,800
8980,1496
8981,787
8982,1301
8983,1275
8984,318
8985,1494
8986,1118
8987,161
8988,10
8989,407
8990,25
8991,537
8992,1494
8993,718
8994,36
8995,741
8996,329
8997,1284
8998,136
8999,1156
9000,669
9001,29
9002,1010
9003,683
9004,1157
9005,927
9006,1181
9007,691
9008,12
9009,196
9010,688
9011,596
9012,1191
9013,618
9014,1290
9015,282
9016,577
9017,1134
9018,187
9019,482
9020,1128
9021,883
9022,1167
9023,774
9024,1288
9025,1316
9026,1461
9027,183
9028,887
9029,172
9030,344
9031,451
9032,969
9033,647
9034,1297
9035,448
9036,926
9037,1145
9038,1470
9039,368
9040,1100
9041,128
9042,815
9043,621
9044,1437
9045,1160
9046,1390
9047,1275
9048,616
9049,1100
9050,46
9051,837
9052,71
9053,1086
9054,1450
9055,1022
9056,1260
9057,352
9058,1490
9059,826
9060,1012
9061,1156
9062,959
9063,476
9064,917
9065,981
9066,1286
9067,722
9068,753
9069,755
9070,172
9071,135
9072,31
9073,999
9074,628
9075,1298
9076,1053
9077,213
9078,151
9079,549
9080,1381
9081,73
9082,281
9083,45
9084,621
9085,1484
9086,1025
9087,740
9088,217
9089,533
9090,787
9091,413
9092,1057
9093,1470
9094,309
9095,379
9096,190
9097,1088
9098,693
9099,426
9100,329
9101,106
9102,714
9103,1025
9104,353
9105,3
9106,710
9107,1013
9108,518
9109,376
9110,232
9111,1119
9112,1292
9113,1154
9114,777
9115,1086
9116,595
9117,37
9118,551
9119,1055
9120,971
9121,1485
9122,1496
9123,364
9124,15
9125,412
9126,1314
9127,1220
9128,149
9129,241
9130,845
9131,991
9132,1473
9133,1132
9134,318
9135,56
9136,950
9137,831
9138,1382
9139,864
9140,752
9141,455
9142,130
9143,1314
9144,1239
9145,244
9146,1056
9147,546
9148,656
9149,1273
9150,1263
9151,286
9152,462
9153,1232
9154,1375
9155,119
9156,1250
9157,734
9158,885
9159,113
9160,1020
9161,1017
9162,994
9163,1186
9164,1419
9165,1274
9166,1117
9167,1471
9168,1012
9169,1008
9170,813
9171,1153
9172,107
9173,759
9174,638
9175,1369
9176,109
9177,965
9178,277
9179,1325
9180,1277
9181,353
9182,1307
9183,745
9184,1456
9185,1094
9186,52
9187,304
9188,605
9189,317
9190,199
9191,1467
9192,1303
9193,652
9194,323
9195,273
9196,1373
9197,497
9198,19
9199,596
9200,682
9201,935
9202,508
9203,1384
9204,965
9205,1479
9206,551
9207,977
9208,548
9209,1050
9210,1118
9211,483
9212,1406
9213,1285
9214,1341
9215,327
9216,1077
9217,160
9218,159
9219,1459
9220,230
9221,1296
9222,646
9223,456
9224,111
9225,1013
9226,1082
9227,701
9228,1215
9229,485
9230,827
9231,430
9232,873
9233,204
9234,714
9235,824
9236,835
9237,670
9238,965
9239,768
9240,425
9241,323
9242,971
9243,1407
9244,1130
9245,958
9246,1382
9247,1349
9248,760
9249,164
9250,951
9251,934
9252,416
9253,1274
9254,1305
9255,497
9256,715
9257,293
9258,268
9259,398
9260,549
9261,410
9262,228
9263,671
9264,935
9265,489
9266,800
9267,407
9268,1056
9269,973
9270,1440
9271,80
9272,1279
9273,511
9274,100
9275,1034
9276,258
9277,264
9278,1469
9279,332
9280,821
9281,301
9282,186
9283,2
9284,25
9285,711
9286,651
9287,59
9288,525
9289,410
9290,857
9291,1492
9292,1037
9293,1377
9294,289
9295,323
9296,1126
9297,465
9298,1273
9299,696
9300,302
9301,1266
9302,826
9303,1204
9304,678
9305,190
9306,1021
9307,187
9308,995
9309,625
9310,1187
9311,1305
9312,611
9313,1323
9314,167
9315,161
9316,1490
9317,861
9318,676
9319,234
9320,434
9321,1029
9322,1232
9323,1374
9324,612
9325,682
9326,245
9327,125
9328,657
9329,869
9330,157
9331,613
9332,962
9333,1216
9334,1407
9335,511
9336,588
9337,1312
9338,1040
9339,411
9340,1028
9341,237
9342,674
9343,460
9344,1488
9345,53
9346,1285
9347,422
9348,55
9349,990
9350,1017
9351,214
9352,58
9353,167
9354,613
9355,199
9356,1054
9357,117
9358,1183
9359,1312
9360,1075
9361,1416
9362,1408
9363,70
9364,513
9365,1140
9366,510
9367,1105
9368,1161
9369,1495
9370,495
9371,522
9372,37
9373,428
9374,421
9375,680
9376,632
9377,1285
9378,1160
9379,1093
9380,8
9381,707
9382,1094
9383,367
9384,637
9385,1090
9386,1192
9387,1281
9388,645
9389,600
9390,574
9391,1003
9392,629
9393,600
9394,253
9395,718
9396,356
9397,787
9398,1333
9399,1163
9400,717
9401,1466
9402,1470
9403,667
9404,1145
9405,514
9406,1318
9407,561
9408,388
9409,201
9410,1264
9411,446
9412,1220
9413,130
9414,751
9415,642
9416,658
9417,251
9418,111
9419,520
9420,705
9421,1190
9422,694
9423,369
9424,394
9425,918
9426,654
9427,1351
9428,660
9429,850
9430,96
9431,291
9432,1275
9433,517
9434,632
9435,885
9436,87
9437,760
9438,519
9439,223
9440,628
9441,670
9442,280
9443,815
9444,1119
9445,401
9446,1449
9447,919
9448,1159
9449,106
9450,1151
9451,505
9452,1065
9453,1206
9454,376
9455,389
9456,90
9457,908
9458,1161
9459,615
9460,242
9461,475
9462,604
9463,1374
9464,186
9465,515
9466,957
9467,355
9468,1327
9469,1364
9470,570
9471,1119
9472,1134
9473,1023
9474,280
9475,75
9476,521
9477,197
9478,439
9479,957
9480,883
9481,314
9482,27
9483,339
9484,682
9485,1168
9486,548
9487,429
9488,827
9489,108
9490,338
9491,55
9492,788
9493,665
9494,874
9495,926
9496,593
9497,1303
9498,1377
9499,167
9500,1380
9501,295
9502,373
9503,795
9504,45
9505,546
9506,292
9507,724
9508,1222
9509,1386
9510,319
9511,817
9512,712
9513,623
9514,949
9515,1484
9516,608
9517,98
9518,1374
9519,1398
9520,484
9521,752
9522,1294
9523,756
9524,722
9525,1383
9526,1243
9527,761
9528,243
9529,658
9530,1015
9531,409
9532,806
9533,988
9534,128
9535,854
9536,1106
9537,322
9538,823
9539,1064
9540,67
9541,966
9542,390
9543,596
9544,972
9545,7
9546,26
9547,670
9548,1424
9549,10
9550,1183
9551,113
9552,733
9553,646
9554,702
9555,123
9556,1130
9557,414
9558,1156
9559,983
9560,827
9561,463
9562,978
9563,1496
9564,1384
9565,1374
9566,330
9567,878
9568,597
9569,1450
9570,1425
9571,1302
9572,244
9573,479
9574,1067
9575,1124
9576,526
9577,206
9578,206
9579,1027
9580,681
9581,737
9582,1223
9583,26
9584,1132
9585,412
9586,1396
9587,1433
9588,753
9589,474
9590,350
9591,273
9592,1498
9593,282
9594,670
9595,719
9596,1019
9597,1264
9598,837
9599,1137
9600,850
9601,655
9602,237
9603,313
9604,649
9605,70
9606,475
9607,694
9608,709
9609,1222
9610,1451
9611,1094
9612,120
9613,613
9614,1095
9615,892
9616,687
9617,654
9618,609
9619,868
9620,268
9621,776
9622,309
9623,1021
9624,1297
9625,762
9626,581
9627,1410
9628,989
9629,642
9630,44
9631,24
9632,333
9633,355
9634,1082
9635,751
9636,1499
9637,811
9638,1354
9639,829
9640,537
9641,1072
9642,674
9643,412
9644,710
9645,997
9646,563
9647,1056
9648,1471
9649,617
9650,443
9651,603
9652,1257
9653,269
9654,1460
9655,621
9656,1262
9657,1180
9658,1175
9659,1363
9660,278
9661,890
9662,149
9663,449
9664,61
9665,1023
9666,911
9667,1110
9668,265
9669,498
9670,1014
9671,1239
9672,1328
9673,111
9674,604
9675,17
9676,1227
9677,185
9678,1233
9679,234
9680,24
9681,1318
9682,658
9683,638
9684,970
9685,413
9686,1036
9687,644
9688,409
9689,592
9690,10
9691,452
9692,887
9693,207
9694,178
9695,984
9696,642
9697,205
9698,1122
9699,1163
9700,53
9701,303
9702,556
9703,1097
9704,111
9705,1208
9706,479
9707,188
9708,1295
9709,131
9710,195
9711,1424
9712,779
9713,695
9714,1031
9715,945
9716,920
9717,35
9718,828
9719,418
9720,1211
9721,758
9722,186
9723,1329
9724,427
9725,407
9726,1404
9727,1163
9728,1289
9729,993
9730,1365
9731,173
9732,900
9733,440
9734,598
9735,357
9736,308
9737,664
9738,1377
9739,953
9740,524
9741,650
9742,795
9743,367
9744,782
9745,1044
9746,365
9747,877
9748,1062
9749,779
9750,438
9751,832
9752,1190
9753,333
9754,862
9755,1020
9756,482
9757,581
9758,1333
9759,545
9760,897
9761,225
9762,1389
9763,895
9764,1140
9765,904
9766,533
9767,511
9768,1052
9769,1289
9770,192
9771,1268
9772,1245
9773,164
9774,163
9775,1042
9776,1264
9777,591
9778,961
9779,1499
9780,484
9781,338
9782,1487
9783,421
9784,709
9785,663
9786,785
9787,403
9788,1018
9789,1038
9790,301
9791,721
9792,86
9793,332
9794,1480
9795,760
9796,934
9797,1333
9798,1070
9799,1188
9800,1068
9801,748
9802,949
9803,433
9804,1335
9805,270
9806,1326
9807,1317
9808,214
9809,1065
9810,1484
9811,858
9812,511
9813,1319
9814,769
9815,183
9816,374
9817,1024
9818,683
9819,325
9820,1198
9821,181
9822,329
9823,698
9824,60
9825,581
9826,1365
9827,1411
9828,1308
9829,486
9830,98
9831,1222
9832,560
9833,1123
9834,179
9835,1002
9836,879
9837,1380
9838,153
9839,612
9840,1484
9841,585
9842,987
9843,242
9844,1092
9845,414
9846,858
9847,1319
9848,991
9849,712
9850,285
9851,512
9852,1274
9853,324
9854,984
9855,727
9856,481
9857,1075
9858,543
9859,430
9860,794
9861,1136
9862,1296
9863,945
9864,993
9865,1181
9866,404
9867,377
9868,726
9869,946
9870,969
9871,231
9872,1171
9873,546
9874,1316
9875,1086
9876,1474
9877,947
9878,791
9879,282
9880,598
9881,1287
9882,573
9883,80
9884,368
9885,893
9886,944
9887,1475
9888,1400
9889,797
9890,832
9891,1201
9892,73
9893,893
9894,711
9895,1174
9896,1200
9897,983
9898,986
9899,1037
9900,870
9901,342
9902,427
9903,1112
9904,927
9905,357
9906,1316
9907,1470
9908,939
9909,342
9910,1407
9911,355
9912,649
9913,1288
9914,781
9915,365
9916,121
9917,541
9918,1008
9919,1072
9920,335
9921,238
9922,1052
9923,239
9924,97
9925,730
9926,856
9927,366
9928,317
9929,354
9930,514
9931,14
9932,18
9933,556
9934,30
9935,478
9936,871
9937,47
9938,927
9939,932
9940,860
9941,940
9942,1214
9943,107
9944,254
9945,476
9946,1032
9947,1309
9948,1378
9949,873
9950,615
9951,618
9952,90
9953,698
9954,769
9955,313
9956,1152
9957,1218
9958,453
9959,1371
9960,161
9961,1366
9962,1152
9963,336
9964,975
9965,466
9966,1199
9967,241
9968,368
9969,461
9970,300
9971,499
9972,904
9973,950
9974,831
9975,285
9976,304
9977,1379
9978,377
9979,155
9980,681
9981,11
9982,514
9983,1282
9984,401
9985,1055
9986,735
9987,533
9988,992
9989,893
9990,478
9991,336
9992,1375
9993,253
9994,1439
9995,707
9996,1495
9997,530
9998,848
9999,923
10000,508
10001,328
10002,780
10003,994
10004,392
10005,1150
10006,958
10007,250
10008,1408
10009,66
10010,980
10011,659
10012,981
10013,1161
10014,1031
10015,976
10016,1261
10017,1053
10018,1220
10019,604
10020,305
10021,353
10022,918
10023,798
10024,116
10025,307
10026,1451
10027,1089
10028,1132
10029,296
10030,97
10031,437
10032,1285
10033,760
10034,1177
10035,730
10036,735
10037,901
10038,1438
10039,656
10040,894
10041,1379
10042,559
10043,1260
10044,803
10045,1318
10046,702
10047,944
10048,485
10049,952
10050,490
10051,914
10052,1183
10053,652
10054,644
10055,483
10056,1095
10057,888
10058,775
10059,39
10060,166
10061,12
10062,1275
10063,1277
10064,102
10065,70
10066,1172
10067,787
10068,464
10069,922
10070,355
10071,298
10072,551
10073,1343
10074,1150
10075,285
10076,843
10077,1326
10078,1427
10079,1144
10080,194
10081,361
10082,328
10083,226
10084,263
10085,475
10086,833
10087,597
10088,631
10089,369
10090,227
10091,1498
10092,898
10093,345
10094,1215
10095,1246
10096,1450
10097,239
10098,960
10099,1470
10100,1210
10101,339
10102,1339
10103,633
10104,733
10105,838
10106,1157
10107,181
10108,809
10109,1225
10110,823
10111,412
10112,85
10113,824
10114,1055
10115,824
10116,1469
10117,904
10118,762
10119,84
10120,838
10121,253
10122,1087
10123,242
10124,1360
10125,453
10126,651
10127,218
10128,316
10129,1382
10130,426
10131,769
10132,1472
10133,935
10134,63
10135,536
10136,580
10137,415
10138,362
10139,755
10140,566
10141,442
10142,620
10143,516
10144,343
10145,679
10146,1413
10147,759
10148,896
10149,1476
10150,920
10151,335
10152,598
10153,732
10154,712
10155,225
10156,159
10157,525
10158,1371
10159,1076
10160,1262
10161,262
10162,621
10163,872
10164,652
10165,625
10166,540
10167,78
10168,1285
10169,1399
10170,122
10171,620
10172,777
10173,1176
10174,1480
10175,625
10176,1123
10177,1406
10178,1245
10179,436
10180,1226
10181,618
10182,27
10183,1138
10184,1253
10185,516
10186,676
10187,547
10188,176
10189,1492
10190,34
10191,833
10192,23
10193,1034
10194,1351
10195,965
10196,909
10197,1242
10198,1461
10199,1292
10200,347
10201,845
10202,1228
10203,442
10204,1013
10205,35
10206,1316
10207,921
10208,1114
10209,1238
10210,328
10211,676
10212,1288
10213,247
10214,1233
10215,432
10216,863
10217,765
10218,1030
10219,1255
10220,524
10221,258
10222,634
10223,918
10224,1125
10225,1130
10226,510
10227,1404
10228,125
10229,175
10230,38
10231,1389
10232,270
10233,902
10234,1219
10235,1150
10236,1423
10237,81
10238,611
10239,759
10240,1044
10241,934
10242,840
10243,460
10244,160
10245,648
10246,390
10247,831
10248,1195
10249,829
10250,874
10251,63
10252,967
10253,659
10254,186
10255,321
10256,1171
10257,1375
10258,762
10259,1464
10260,270
10261,450
10262,1395
10263,263
10264,989
10265,330
10266,497
10267,717
10268,540
10269,1311
10270,1459
10271,750
10272,788
10273,84
10274,352
10275,60
10276,1285
10277,341
10278,511
10279,1264
10280,1070
10281,932
10282,58
10283,844
10284,841
10285,479
10286,1117
10287,1394
10288,389
10289,497
10290,484
10291,1252
10292,117
10293,1343
10294,1162
10295,725
10296,875
10297,1341
10298,1154
10299,415
10300,76
10301,987
10302,219
10303,132
10304,1473
10305,711
10306,976
10307,326
10308,153
10309,95
10310,532
10311,6
10312,630
10313,487
10314,790
10315,884
10316,463
10317,683
10318,118
10319,453
10320,1467
10321,1486
10322,729
10323,1409
10324,752
10325,189
10326,1301
10327,623
10328,919
10329,973
10330,462
10331,1100
10332,752
10333,550
10334,447
10335,1119
10336,374
10337,187
10338,1322
10339,498
10340,961
10341,1074
10342,1257
10343,938
10344,1062
10345,1255
10346,1415
10347,71
10348,1115
10349,262
10350,1337
10351,73
10352,370
10353,288
10354,905
10355,7
10356,26
10357,756
10358,1457
10359,792
10360,669
10361,987
10362,828
10363,577
10364,883
10365,5
10366,367
10367,1011
10368,512
10369,82
10370,187
10371,1299
10372,495
10373,34
10374,1093
10375,796
10376,677
10377,1342
10378,471
10379,859
10380,1117
10381,913
10382,312
10383,1022
10384,1115
10385,184
10386,249
10387,1012
10388,179
10389,1320
10390,165
10391,1461
10392,1007
10393,665
10394,403
10395,517
10396,1123
10397,1130
10398,313
10399,814
10400,1489
10401,386
10402,1040
10403,259
10404,1251
10405,256
10406,447
10407,689
10408,556
10409,256
10410,961
10411,30
10412,1475
10413,79
10414,501
10415,1394
10416,233
10417,110
10418,1116
10419,110
10420,1349
10421,677
10422,1304
10423,368
10424,212
10425,1444
10426,1143
10427,1366
10428,480
10429,607
10430,866
10431,673
10432,364
10433,563
10434,913
10435,57
10436,504
10437,439
10438,106
10439,184
10440,744
10441,154
10442,518
10443,841
10444,1310
10445,149
10446,652
10447,155
10448,643
10449,721
10450,1199
10451,663
10452,1403
10453,207
10454,80
10455,7
10456,535
10457,290
10458,138
10459,354
10460,1462
10461,1200
10462,28
10463,1373
10464,308
10465,609
10466,492
10467,608
10468,1141
10469,1069
10470,891
10471,940
10472,1091
10473,277
10474,594
10475,162
10476,1056
10477,656
10478,956
10479,847
10480,411
10481,208
10482,1459
10483,440
10484,165
10485,459
10486,1353
10487,392
10488,1480
10489,691
10490,1292
10491,979
10492,66
10493,764
10494,625
10495,302
10496,825
10497,155
10498,1047
10499,1232
10500,139
10501,719
10502,983
10503,94
10504,584
10505,387
10506,59
10507,1206
10508,667
10509,1127
10510,881
10511,1313
10512,1495
10513,903
10514,528
10515,634
10516,1238
10517,640
10518,780
10519,291
10520,1485
10521,976
10522,495
10523,878
10524,602
10525,233
10526,1312
10527,1328
10528,1252
10529,553
10530,385
10531,75
10532,1097
10533,492
10534,1338
10535,1304
10536,193
10537,1375
10538,211
10539,736
10540,711
10541,1434
10542,986
10543,1312
10544,894
10545,1238
10546,1278
10547,1289
10548,618
10549,573
10550,1477
10551,1134
10552,1376
10553,866
10554,1393
10555,1079
10556,1114
10557,267
10558,850
10559,1097
10560,1141
10561,1436
10562,491
10563,454
10564,1454
10565,1479
10566,270
10567,568
10568,1422
10569,300
10570,1174
10571,169
10572,268
10573,1177
10574,911
10575,832
10576,1285
10577,461
10578,755
10579,913
10580,1110
10581,498
10582,950
10583,673
10584,813
10585,1294
10586,591
10587,1002
10588,1413
10589,1143
10590,1483
10591,875
10592,423
10593,1487
10594,967
10595,362
10596,476
10597,394
10598,1250
10599,139
10600,1110
10601,831
10602,111
10603,920
10604,1129
10605,1089
10606,793
10607,503
10608,246
10609,19
10610,539
10611,948
10612,57
10613,1498
10614,879
10615,442
10616,1443
10617,276
10618,1436
10619,423
10620,570
10621,638
10622,1492
10623,377
10624,1459
10625,521
10626,428
10627,957
10628,1040
10629,518
10630,201
10631,594
10632,811
10633,61
10634,118
10635,1376
10636,54
10637,610
10638,1146
10639,492
10640,742
10641,130
10642,1191
10643,951
10644,1277
10645,1295
10646,526
10647,62
10648,520
10649,218
10650,800
10651,220
10652,1382
10653,903
10654,380
10655,1381
10656,1154
10657,657
10658,220
10659,516
10660,876
10661,1148
10662,393
10663,1114
10664,424
10665,370
10666,671
10667,242
10668,607
10669,537
10670,420
10671,1163
10672,498
10673,1042
10674,1080
10675,999
10676,404
10677,1244
10678,355
10679,416
10680,1312
10681,510
10682,1045
10683,64
10684,921
10685,1303
10686,1063
10687,874
10688,1273
10689,447
10690,565
10691,105
10692,1047
10693,1085
10694,1127
10695,1123
10696,191
10697,999
10698,1145
10699,306
10700,715
10701,1369
10702,622
10703,1129
10704,795
10705,986
10706,940
10707,976
10708,1169
10709,1356
10710,444
10711,1392
10712,942
10713,893
10714,492
10715,625
10716,977
10717,546
10718,431
10719,1228
10720,623
10721,967
10722,47
10723,116
10724,1272
10725,214
10726,1193
10727,1350
10728,722
10729,1326
10730,641
10731,1427
10732,356
10733,642
10734,583
10735,1176
10736,66
10737,1242
10738,36
10739,474
10740,894
10741,218
10742,735
10743,1495
10744,1234
10745,46
10746,888
10747,896
10748,103
10749,975
10750,781
10751,1023
10752,446
10753,384
10754,1104
10755,1082
10756,243
10757,325
10758,879
10759,1243
10760,303
10761,329
10762,1211
10763,1045
10764,1353
10765,1175
10766,1429
10767,284
10768,408
10769,357
10770,84
10771,1168
10772,992
10773,129
10774,298
10775,286
10776,604
10777,683
10778,434
10779,1395
10780,319
10781,843
10782,657
10783,582
10784,1238
10785,1467
10786,9
10787,696
10788,179
10789,651
10790,925
10791,618
10792,464
10793,468
10794,450
10795,489
10796,561
10797,1032
10798,144
10799,62
10800,775
10801,1023
10802,388
10803,302
10804,937
10805,576
10806,1104
10807,220
10808,182
10809,829
10810,589
10811,1094
10812,759
10813,532
10814,240
10815,245
10816,1134
10817,340
10818,754
10819,1227
10820,1346
10821,402
10822,165
10823,1162
10824,1031
10825,497
10826,890
10827,283
10828,1051
10829,1091
10830,449
10831,703
10832,501
10833,47
10834,191
10835,1439
10836,684
10837,222
10838,67
10839,530
10840,1474
10841,577
10842,1499
10843,734
10844,1146
10845,1178
10846,43
10847,10
10848,1383
10849,1398
10850,199
10851,969
10852,1385
10853,1426
10854,445
10855,1226
10856,969
10857,1391
10858,220
10859,901
10860,37
10861,536
10862,18
10863,664
10864,1216
10865,987
10866,475
10867,640
10868,551
10869,1097
10870,400
10871,138
10872,760
10873,1245
10874,716
10875,307
10876,70
10877,1415
10878,1141
10879,234
10880,111
10881,194
10882,565
10883,1218
10884,240
10885,1228
10886,3
10887,1108
10888,424
10889,1440
10890,714
10891,406
10892,365
10893,1240
10894,605
10895,528
10896,1103
10897,806
10898,996
10899,668
10900,96
10901,9
10902,59
10903,862
10904,770
10905,1121
10906,1342
10907,262
10908,1435
10909,1397
10910,924
10911,796
10912,265
10913,268
10914,28
10915,969
10916,650
10917,288
10918,201
10919,96
10920,961
10921,1028
10922,947
10923,166
10924,62
10925,160
10926,1127
10927,1110
10928,442
10929,83
10930,480
10931,1214
10932,215
10933,1194
10934,695
10935,212
10936,1400
10937,778
10938,1007
10939,145
10940,558
10941,949
10942,968
10943,95
10944,906
10945,1416
10946,1179
10947,312
10948,1368
10949,1024
10950,86
10951,193
10952,1381
10953,315
10954,146
10955,676
10956,788
10957,860
10958,988
10959,1498
10960,1139
10961,39
10962,133
10963,1
10964,593
10965,526
10966,1400
10967,549
10968,46
10969,1325
10970,391
10971,1368
10972,1161
10973,1320
10974,1229
10975,215
10976,939
10977,618
10978,943
10979,1119
10980,751
10981,469
10982,1374
10983,995
10984,1328
10985,356
10986,1257
10987,485
10988,691
10989,1290
10990,532
10991,376
10992,1373
10993,1446
10994,467
10995,460
10996,342
10997,36
10998,829
10999,383
11000,1273
11001,257
11002,953
11003,760
11004,918
11005,169
11006,700
11007,939
11008,512
11009,1312
11010,794
11011,544
11012,47
11013,253
11014,715
11015,600
11016,1307
11017,1179
11018,239
11019,887
11020,682
11021,152
11022,999
11023,806
11024,132
11025,702
11026,1097
11027,491
11028,535
11029,166
11030,307
11031,1471
11032,931
11033,264
11034,724
11035,289
11036,664
11037,219
11038,928
11039,855
11040,950
11041,666
11042,429
11043,375
11044,323
11045,644
11046,677
11047,1010
11048,79
11049,423
11050,1279
11051,1372
11052,1396
11053,460
11054,206
11055,298
11056,198
11057,1431
11058,1325
11059,1216
11060,1094
11061,515
11062,714
11063,1262
11064,1221
11065,778
11066,1256
11067,520
11068,620
11069,1259
11070,565
11071,1128
11072,680
11073,447
11074,329
11075,910
11076,720
11077,554
11078,1114
11079,2
11080,139
11081,1442
11082,995
11083,824
11084,23
11085,898
11086,652
11087,900
11088,62
11089,826
11090,867
11091,435
11092,82
11093,1457
11094,1064
11095,932
11096,1150
11097,1006
11098,202
11099,682
11100,1333
11101,432
11102,1458
11103,97
11104,496
11105,525
11106,926
11107,264
11108,344
11109,993
11110,427
11111,1318
11112,1305
11113,454
11114,840
11115,499
11116,517
11117,1005
11118,440
11119,224
11120,389
11121,1394
11122,389
11123,546
11124,943
11125,152
11126,403
11127,262
11128,1386
11129,1399
11130,1133
11131,371
11132,925
11133,993
11134,1304
11135,235
11136,1104
11137,291
11138,853
11139,1318
11140,94
11141,222
11142,1219
11143,29
11144,1028
11145,752
11146,520
11147,1294
11148,1273
11149,489
11150,7
11151,193
11152,161
11153,1473
11154,895
11155,1015
11156,347
11157,1276
11158,1084
11159,1128
11160,702
11161,1047
11162,816
11163,577
11164,892
11165,487
11166,1429
11167,1075
11168,1108
11169,1075
11170,673
11171,1425
11172,312
11173,853
11174,105
11175,442
11176,862
11177,734
11178,1411
11179,920
11180,617
11181,640
11182,917
11183,1186
11184,415
11185,877
11186,862
11187,15
11188,1369
11189,855
11190,363
11191,950
11192,1017
11193,1372
11194,52
11195,621
11196,271
11197,862
11198,752
11199,713
11200,1473
11201,797
11202,617
11203,101
11204,435
11205,1346
11206,678
11207,1365
11208,799
11209,822
11210,645
11211,835
11212,100
11213,87
11214,714
11215,897
11216,826
11217,644
11218,441
11219,1063
11220,907
11221,71
11222,679
11223,1066
11224,1176
11225,431
11226,1387
11227,977
11228,657
11229,941
11230,1307
11231,341
11232,226
11233,661
11234,126
11235,1253
11236,1455
11237,908
11238,1469
11239,104
11240,949
11241,664
11242,416
11243,468
11244,818
11245,962
11246,246
11247,922
11248,1389
11249,16
11250,1317
11251,911
11252,513
11253,1102
11254,927
11255,1153
11256,122
11257,89
11258,963
11259,456
11260,358
11261,632
11262,1088
11263,270
11264,1459
11265,631
11266,226
11267,107
11268,1286
11269,170
11270,629
11271,1003
11272,770
11273,394
11274,162
11275,1067
11276,735
11277,73
11278,272
11279,844
11280,253
11281,587
11282,187
11283,1195
11284,945
11285,1176
11286,79
11287,563
11288,402
11289,934
11290,1232
11291,342
11292,1154
11293,871
11294,1236
11295,122
11296,1486
11297,652
11298,420
11299,274
11300,1477
11301,1325
11302,197
11303,667
11304,1100
11305,886
11306,284
11307,541
11308,552
11309,433
11310,1441
11311,305
11312,1060
11313,1367
11314,1192
11315,1199
11316,239
11317,200
11318,1174
11319,1120
11320,1113
11321,628
11322,785
11323,24
11324,437
11325,793
11326,189
11327,195
11328,68
11329,315
11330,1489
11331,1044
11332,1422
11333,386
11334,898
11335,1337
11336,528
11337,986
11338,1039
11339,1248
11340,1454
11341,923
11342,874
11343,1303
11344,1027
11345,543
11346,945
11347,824
11348,343
11349,774
11350,935
11351,1355
11352,871
11353,248
11354,1481
11355,867
11356,431
11357,1131
11358,577
11359,555
11360,1259
11361,1301
11362,786
11363,560
11364,1295
11365,260
11366,1121
11367,876
11368,1281
11369,631
11370,1248
11371,23
11372,1137
11373,105
11374,963
11375,293
11376,1445
11377,1154
11378,157
11379,1338
11380,378
11381,818
11382,128
11383,159
11384,362
11385,802
11386,814
11387,1283
11388,248
11389,1124
11390,9
11391,437
11392,263
11393,186
11394,877
11395,1351
11396,1000
11397,1281
11398,887
11399,81
11400,519
11401,1235
11402,67
11403,146
11404,1250
11405,95
11406,1439
11407,1138
11408,998
11409,804
11410,134
11411,622
11412,1211
11413,1355
11414,671
11415,1259
11416,1165
11417,87
11418,930
11419,924
11420,814
11421,1158
11422,1334
11423,826
11424,481
11425,1474
11426,1445
11427,1029
11428,961
11429,157
11430,603
11431,298
11432,772
11433,1239
11434,337
11435,1495
11436,195
11437,148
11438,1461
11439,151
11440,1103
11441,1145
11442,495
11443,97
11444,463
11445,103
11446,1008
11447,1333
11448,1495
11449,1200
11450,1162
11451,1322
11452,1155
11453,976
11454,1494
11455,484
11456,619
11457,1359
11458,467
11459,448
11460,228
11461,413
11462,890
11463,1329
11464,205
11465,1021
11466,1149
11467,1343
11468,1125
11469,234
11470,733
11471,1428
11472,1362
11473,919
11474,1444
11475,1002
11476,98
11477,1371
11478,253
11479,571
11480,357
11481,1079
11482,45
11483,960
11484,1296
11485,1181
11486,461
11487,1345
11488,543
11489,1020
11490,760
11491,102
11492,5
11493,275
11494,1402
11495,1431
11496,615
11497,1453
11498,75
11499,1451
11500,347
11501,56
11502,1137
11503,574
11504,439
11505,1139
11506,500
11507,1129
11508,293
11509,129
11510,488
11511,914
11512,338
11513,215
11514,1123
11515,740
11516,647
11517,360
11518,27
11519,80
11520,1022
11521,120
11522,371
11523,1366
11524,516
11525,1117
11526,515
11527,1397
11528,1232
11529,705
11530,1026
11531,620
11532,1416
11533,538
11534,1254
11535,924
11536,965
11537,527
11538,1249
11539,1119
11540,1223
11541,1202
11542,237
11543,1313
11544,1262
11545,364
11546,1472
11547,791
11548,483
11549,335
11550,547
11551,57
11552,1036
11553,1062
11554,1001
11555,823
11556,544
11557,1086
11558,1307
11559,132
11560,574
11561,1493
11562,1293
11563,1491
11564,275
11565,698
11566,196
11567,1299
11568,778
11569,366
11570,136
11571,1106
11572,1217
11573,1318
11574,1457
11575,1222
11576,1179
11577,1217
11578,1498
11579,695
11580,1138
11581,1230
11582,175
11583,1036
11584,508
11585,199
11586,256
11587,172
11588,1346
11589,1158
11590,154
11591,938
11592,990
11593,779
11594,909
11595,1360
11596,778
11597,989
11598,857
11599,594
11600,1336
11601,621
11602,1200
11603,908
11604,1027
11605,1140
11606,1104
11607,846
11608,923
11609,763
11610,509
11611,1090
11612,1318
11613,1058
11614,1158
11615,1245
11616,551
11617,94
11618,507
11619,1132
11620,1223
11621,771
11622,1168
11623,112
11624,966
11625,1018
11626,762
11627,1075
11628,737
11629,785
11630,906
11631,1190
11632,373
11633,451
11634,628
11635,303
11636,502
11637,526
11638,472
11639,615
11640,757
11641,1044
11642,455
11643,1268
11644,719
11645,1081
11646,173
11647,261
11648,680
11649,549
11650,744
11651,238
11652,710
11653,1030
11654,1092
11655,373
11656,517
11657,788
11658,777
11659,1187
11660,586
11661,1006
11662,1325
11663,448
11664,1234
11665,499
11666,502
11667,980
11668,933
11669,824
11670,347
11671,145
11672,1363
11673,1311
11674,1330
11675,769
11676,1326
11677,710
11678,114
11679,298
11680,409
11681,566
11682,1408
11683,499
11684,919
11685,406
11686,965
11687,851
11688,226
11689,693
11690,158
11691,1333
11692,1056
11693,1412
11694,1313
11695,329
11696,1061
11697,151
11698,1440
11699,1178
11700,1021
11701,1492
11702,1270
11703,1295
11704,151
11705,36
11706,1441
11707,377
11708,640
11709,65
11710,934
11711,1231
11712,1262
11713,872
11714,992
11715,771
11716,669
11717,832
11718,1403
11719,379
11720,705
11721,902
11722,855
11723,46
11724,431
11725,969
11726,1041
11727,1101
11728,1487
11729,1009
11730,869
11731,498
11732,556
11733,1239
11734,703
11735,1073
11736,187
11737,193
11738,323
11739,293
11740,910
11741,956
11742,837
11743,434
11744,865
11745,180
11746,709
11747,233
11748,116
11749,249
11750,167
11751,717
11752,819
11753,911
11754,660
11755,265
11756,32
11757,1069
11758,1474
11759,422
11760,307
11761,468
11762,322
11763,336
11764,742
11765,1178
11766,1068
11767,1439
11768,536
11769,739
11770,571
11771,64
11772,583
11773,391
11774,718
11775,237
11776,1112
11777,1264
11778,1441
11779,128
11780,177
11781,1449
11782,1272
11783,883
11784,482
11785,777
11786,803
11787,1271
11788,794
11789,42
11790,1049
11791,1165
11792,447
11793,175
11794,214
11795,1261
11796,671
11797,794
11798,1440
11799,92
11800,309
11801,1250
11802,810
11803,41
11804,1054
11805,208
11806,1173
11807,1196
11808,1236
11809,697
11810,402
11811,1322
11812,838
11813,953
11814,205
11815,935
11816,870
11817,439
11818,1150
11819,201
11820,1079
11821,1441
11822,851
11823,158
11824,830
11825,793
11826,828
11827,409
11828,939
11829,396
11830,837
11831,892
11832,969
11833,1197
11834,1323
11835,1165
11836,1194
11837,1303
11838,364
11839,440
11840,800
11841,699
11842,1053
11843,14
11844,209
11845,1120
11846,1233
11847,454
11848,467
11849,842
11850,716
11851,254
11852,751
11853,1229
11854,1094
11855,1226
11856,966
11857,1316
11858,375
11859,69
11860,171
11861,1488
11862,961
11863,372
11864,1281
11865,464
11866,896
11867,374
11868,143
11869,402
11870,343
11871,829
11872,32
11873,360
11874,852
11875,591
11876,954
11877,983
11878,1448
11879,1254
11880,343
11881,1039
11882,941
11883,891
11884,1198
11885,222
11886,563
11887,1224
11888,1338
11889,56
11890,707
11891,397
11892,252
11893,86
11894,807
11895,1001
11896,797
11897,553
11898,1157
11899,978
11900,1362
11901,521
11902,359
11903,684
11904,760
11905,687
11906,1248
11907,69
11908,792
11909,645
11910,317
11911,961
11912,1202
11913,819
11914,128
11915,113
11916,633
11917,1002
11918,470
11919,463
11920,1290
11921,22
11922,120
11923,234
11924,1475
11925,746
11926,238
11927,466
11928,1454
11929,1041
11930,336
11931,361
11932,113
11933,1159
11934,206
11935,430
11936,523
11937,931
11938,909
11939,1199
11940,446
11941,578
11942,583
11943,71
11944,1106
11945,803
11946,714
11947,1493
11948,269
11949,1453
11950,1020
11951,332
11952,1018
11953,1133
11954,544
11955,518
11956,1252
11957,241
11958,20
11959,999
11960,1359
11961,751
11962,203
11963,809
11964,378
11965,1241
11966,918
11967,505
11968,937
11969,1000
11970,1018
11971,549
11972,856
11973,65
11974,605
11975,567
11976,802
11977,1425
11978,1430
11979,725
11980,969
11981,163
11982,723
11983,1032
11984,1024
11985,1445
11986,699
11987,1362
11988,1468
11989,858
11990,138
11991,565
11992,1147
11993,871
11994,1404
11995,1224
11996,95
11997,1291
11998,536
11999,1228
12000,762
12001,683
12002,109
12003,179
12004,893
12005,854
12006,832
12007,235
12008,765
12009,92
12010,217
12011,748
12012,925
12013,983
12014,1472
12015,1281
12016,570
12017,1174
12018,144
12019,1286
12020,580
12021,1140
12022,1455
12023,1055
12024,1380
12025,16
12026,256
12027,939
12028,811
12029,181
12030,1077
12031,88
12032,1486
12033,235
12034,668
12035,1235
12036,771
12037,1116
12038,1055
12039,1423
12040,696
12041,1468
12042,775
12043,1340
12044,1099
12045,200
12046,965
12047,1317
12048,193
12049,1258
12050,159
12051,1306
12052,1183
12053,228
12054,1089
12055,176
12056,852
12057,1385
12058,309
12059,261
12060,634
12061,553
12062,73
12063,684
12064,390
12065,187
12066,414
12067,31
12068,1372
12069,1491
12070,552
12071,1315
12072,692
12073,1368
12074,260
12075,427
12076,1109
12077,330
12078,1235
12079,639
12080,606
12081,680
12082,1196
12083,9
12084,1126
12085,1169
12086,1231
12087,1495
12088,1173
12089,793
12090,699
12091,582
12092,1240
12093,589
12094,859
12095,145
12096,476
12097,399
12098,653
12099,753
12100,1075
12101,648
12102,226
12103,818
12104,82
12105,1273
12106,1156
12107,338
12108,395
12109,42
12110,547
12111,58
12112,1404
12113,202
12114,989
12115,856
12116,356
12117,1212
12118,164
12119,1330
12120,1110
12121,953
12122,1319
12123,605
12124,423
12125,232
12126,1386
12127,602
12128,1244
12129,499
12130,1432
12131,1305
12132,462
12133,730
12134,1191
12135,340
12136,36
12137,433
12138,886
12139,205
12140,500
12141,1377
12142,113
12143,76
12144,636
12145,20
12146,42
12147,275
12148,154
12149,1216
12150,184
12151,785
12152,1058
12153,939
12154,981
12155,537
12156,1333
12157,103
12158,161
12159,1284
12160,103
12161,288
12162,260
12163,50
12164,176
12165,859
12166,992
12167,125
12168,1413
12169,144
12170,1030
12171,1200
12172,781
12173,737
12174,164
12175,363
12176,1276
12177,523
12178,52
12179,1094
12180,1025
12181,100
12182,77
12183,175
12184,77
12185,924
12186,199
12187,910
12188,265
12189,1458
12190,1089
12191,562
12192,643
12193,98
12194,83
12195,806
12196,35
12197,957
12198,574
12199,210
12200,803
12201,829
12202,1119
12203,297
12204,821
12205,1267
12206,405
12207,1252
12208,1085
12209,645
12210,1324
12211,1450
12212,356
12213,1469
12214,4
12215,194
12216,65
12217,552
12218,1405
12219,900
12220,925
12221,128
12222,774
12223,574
12224,719
12225,392
12226,303
12227,1428
12228,838
12229,617
12230,111
12231,1144
12232,709
12233,580
12234,1000
12235,198
12236,800
12237,1294
12238,696
12239,1
12240,345
12241,84
12242,750
12243,547
12244,199
12245,1030
12246,265
12247,513
12248,1481
12249,100
12250,372
12251,477
12252,763
12253,368
12254,1455
12255,9
12256,1422
12257,802
12258,58
12259,175
12260,155
12261,431
12262,500
12263,962
12264,467
12265,1087
12266,441
12267,395
12268,413
12269,494
12270,1256
12271,371
12272,410
12273,1435
12274,980
12275,286
12276,1302
12277,275
12278,244
12279,668
12280,1037
12281,284
12282,1130
12283,235
12284,1172
12285,144
12286,697
12287,960
12288,399
12289,918
12290,1033
12291,975
12292,595
12293,1160
12294,1097
12295,490
12296,1100
12297,1377
12298,1225
12299,1100
12300,1150
12301,1207
12302,434
12303,1081
12304,299
12305,538
12306,1401
12307,425
12308,1265
12309,634
12310,315
12311,146
12312,822
12313,677
12314,767
12315,65
12316,402
12317,6
12318,454
12319,1397
12320,229
12321,1034
12322,9
12323,843
12324,1381
12325,512
12326,296
12327,856
12328,419
12329,1337
12330,1273
12331,978
12332,958
12333,904
12334,1103
12335,690
12336,1454
12337,519
12338,14
12339,1048
12340,993
12341,1471
12342,593
12343,637
12344,843
12345,588
12346,1177
12347,642
12348,1175
12349,638
12350,338
12351,1485
12352,790
12353,1060
12354,887
12355,539
12356,1458
12357,557
12358,1489
12359,646
12360,34
12361,56
12362,1460
12363,792
12364,582
12365,1217
12366,926
12367,991
12368,1028
12369,298
12370,133
12371,1092
12372,33
12373,1079
12374,195
12375,394
12376,1061
12377,934
12378,1172
12379,916
12380,72
12381,1259
12382,324
12383,204
12384,1317
12385,293
12386,804
12387,729
12388,1154
12389,67
12390,160
12391,623
12392,710
12393,1182
12394,908
12395,223
12396,1468
12397,690
12398,1446
12399,1484
12400,78
12401,759
12402,633
12403,747
12404,465
12405,838
12406,738
12407,279
12408,433
12409,221
12410,1265
12411,1016
12412,581
12413,594
12414,119
12415,435
12416,1386
12417,48
12418,220
12419,1269
12420,780
12421,49
12422,735
12423,1125
12424,518
12425,573
12426,947
12427,898
12428,1354
12429,372
12430,414
12431,233
12432,997
12433,800
12434,521
12435,1043
12436,565
12437,294
12438,810
12439,655
12440,608
12441,667
12442,1371
12443,324
12444,414
12445,848
12446,71
12447,219
12448,849
12449,765
12450,979
12451,171
12452,1280
12453,728
12454,233
12455,468
12456,341
12457,678
12458,704
12459,651
12460,692
12461,1361
12462,1438
12463,735
12464,1444
12465,1227
12466,1230
12467,339
12468,658
12469,528
12470,145
12471,113
12472,934
12473,631
12474,1238
12475,1003
12476,128
12477,1257
12478,744
12479,849
12480,1448
12481,960
12482,34
12483,266
12484,640
12485,56
12486,252
12487,1187
12488,215
12489,251
12490,757
12491,137
12492,384
12493,1406
12494,947
12495,1445
12496,532
12497,924
12498,358
12499,568
12500,262
12501,1250
12502,276
12503,307
12504,696
12505,644
12506,471
12507,536
12508,443
12509,1369
12510,870
12511,1379
12512,1480
12513,976
12514,1238
12515,166
12516,1424
12517,723
12518,1070
12519,368
12520,144
12521,1327
12522,674
12523,208
12524,988
12525,82
12526,676
12527,1056
12528,1080
12529,680
12530,555
12531,1257
12532,277
12533,112
12534,236
12535,1201
12536,705
12537,56
12538,253
12539,43
12540,1221
12541,692
12542,103
12543,332
12544,925
12545,890
12546,1229
12547,39
12548,105
12549,54
12550,591
12551,1090
12552,994
12553,316
12554,986
12555,984
12556,287
12557,1125
12558,634
12559,89
12560,586
12561,1154
12562,1044
12563,403
12564,1135
12565,584
12566,690
12567,130
12568,1495
12569,1258
12570,293
12571,841
12572,1170
12573,757
12574,316
12575,1452
12576,403
12577,502
12578,558
12579,1336
12580,750
12581,1079
12582,1351
12583,1392
12584,1284
12585,1361
12586,1422
12587,1486
12588,964
12589,198
12590,170
12591,1194
12592,474
12593,1206
12594,1402
12595,966
12596,1146
12597,419
12598,652
12599,1447
12600,1225
12601,307
12602,1404
12603,749
12604,1265
12605,782
12606,906
12607,243
12608,508
12609,1084
12610,1263
12611,134
12612,116
12613,1039
12614,671
12615,1273
12616,103
12617,524
12618,54
12619,1064
12620,1286
12621,236
12622,486
12623,1269
12624,63
12625,1428
12626,1330
12627,229
12628,209
12629,1038
12630,16
12631,759
12632,99
12633,797
12634,525
12635,1060
12636,1321
12637,733
12638,963
12639,900
12640,1477
12641,347
12642,359
12643,568
12644,1105
12645,1297
12646,417
12647,165
12648,913
12649,896
12650,562
12651,277
12652,1274
12653,1269
12654,1121
12655,868
12656,392
12657,605
12658,103
12659,375
12660,676
12661,655
12662,121
12663,1436
12664,403
12665,764
12666,698
12667,704
12668,1267
12669,1119
12670,1301
12671,569
12672,398
12673,641
12674,842
12675,506
12676,690
12677,227
12678,876
12679,1071
12680,791
12681,1309
12682,1493
12683,1358
12684,140
12685,1321
12686,501
12687,678
12688,618
12689,426
12690,1315
12691,957
12692,1450
12693,1432
12694,630
12695,1090
12696,754
12697,742
12698,1109
12699,1033
12700,1367
12701,1159
12702,933
12703,1378
12704,154
12705,1145
12706,589
12707,650
12708,1172
12709,411
12710,1325
12711,750
12712,524
12713,492
12714,631
12715,1414
12716,154
12717,762
12718,1252
12719,708
12720,849
12721,522
12722,205
12723,959
12724,1380
12725,780
12726,648
12727,194
12728,1417
12729,1303
12730,1353
12731,539
12732,938
12733,649
12734,352
12735,309
12736,576
12737,830
12738,183
12739,1053
12740,687
12741,1321
12742,418
12743,78
12744,468
12745,1460
12746,483
12747,1056
12748,1265
12749,427
12750,964
12751,307
12752,543
12753,444
12754,1008
12755,1313
12756,379
12757,437
12758,1231
12759,694
12760,770
12761,1058
12762,207
12763,1308
12764,548
12765,988
12766,648
12767,1129
12768,917
12769,260
12770,282
12771,1316
12772,779
12773,414
12774,215
12775,193
12776,1379
12777,1464
12778,590
12779,303
12780,628
12781,205
12782,824
12783,939
12784,1477
12785,478
12786,297
12787,200
12788,566
12789,902
12790,100
12791,1138
12792,690
12793,1190
12794,695
12795,234
12796,33
12797,835
12798,809
12799,1220
12800,1316
12801,242
12802,472
12803,312
12804,160
12805,4
12806,124
12807,787
12808,228
12809,292
12810,177
12811,1086
12812,953
12813,1443
12814,168
12815,313
12816,684
12817,973
12818,195
12819,318
12820,632
12821,27
12822,593
12823,1138
12824,790
12825,651
12826,732
12827,1420
12828,781
12829,801
12830,1396
12831,237
12832,144
12833,675
12834,478
12835,305
12836,180
12837,1317
12838,921
12839,1036
12840,178
12841,512
12842,931
12843,792
12844,1042
12845,1004
12846,620
12847,1174
12848,390
12849,121
12850,1370
12851,34
12852,426
12853,172
12854,348
12855,593
12856,195
12857,700
12858,1391
12859,205
12860,1389
12861,617
12862,889
12863,662
12864,475
12865,164
12866,890
12867,1375
12868,781
12869,899
12870,965
12871,583
12872,181
12873,760
12874,1303
12875,471
12876,1307
12877,1281
12878,367
12879,862
12880,1121
12881,742
12882,1049
12883,1366
12884,941
12885,1257
12886,1201
12887,1219
12888,1278
12889,339
12890,28
12891,230
12892,375
12893,1035
12894,765
12895,703
12896,14
12897,1025
12898,547
12899,1141
12900,170
12901,443
12902,82
12903,427
12904,1385
12905,736
12906,659
12907,411
12908,398
12909,1001
12910,1477
12911,1120
12912,1105
12913,708
12914,148
12915,1085
12916,1213
12917,766
12918,138
12919,1069
12920,1381
12921,338
12922,240
12923,1108
12924,498
12925,1072
12926,1055
12927,400
12928,64
12929,834
12930,612
12931,1283
12932,537
12933,375
12934,1290
12935,1104
12936,927
12937,1430
12938,1174
12939,1299
12940,1198
12941,602
12942,94
12943,911
12944,1147
12945,1487
12946,1022
12947,853
12948,863
12949,173
12950,12
12951,69
12952,1357
12953,1185
12954,391
12955,636
12956,725
12957,370
12958,634
12959,522
12960,1042
12961,1136
12962,148
12963,698
12964,1486
12965,1302
12966,1190
12967,1102
12968,7
12969,1461
12970,1103
12971,1332
12972,1363
12973,382
12974,21
12975,988
12976,689
12977,31
12978,406
12979,1486
12980,545
12981,392
12982,982
12983,997
12984,498
12985,1273
12986,870
12987,241
12988,488
12989,1271
12990,134
12991,19
12992,985
12993,663
12994,379
12995,708
12996,276
12997,561
12998,351
12999,879
13000,1010
13001,1372
13002,102
13003,491
13004,397
13005,869
13006,800
13007,1316
13008,1378
13009,1159
13010,299
13011,62
13012,1348
13013,1414
13014,376
13015,70
13016,1021
13017,883
13018,1333
13019,863
13020,1140
13021,1179
13022,15
13023,223
13024,1170
13025,269
13026,309
13027,1128
13028,307
13029,225
13030,21
13031,704
13032,955
13033,1097
13034,1358
13035,977
13036,1134
13037,316
13038,511
13039,456
13040,98
13041,1453
13042,362
13043,673
13044,536
13045,67
13046,1355
13047,330
13048,151
13049,514
13050,216
13051,1499
13052,284
13053,454
13054,407
13055,40
13056,20
13057,769
13058,349
13059,126
13060,437
13061,411
13062,636
13063,1488
13064,461
13065,1057
13066,1152
13067,76
13068,752
13069,673
13070,762
13071,258
13072,698
13073,185
13074,1418
13075,881
13076,52
13077,758
13078,1389
13079,1114
13080,410
13081,1338
13082,279
13083,370
13084,233
13085,1384
13086,1075
13087,777
13088,1002
13089,388
13090,106
13091,1268
13092,1446
13093,54
13094,78
13095,839
13096,65
13097,1082
13098,1418
13099,420
13100,442
13101,1295
13102,534
13103,361
13104,127
13105,1259
13106,1388
13107,118
13108,1204
13109,240
13110,209
13111,572
13112,655
13113,1281
13114,1049
13115,217
13116,876
13117,1313
13118,993
13119,345
13120,194
13121,679
13122,708
13123,529
13124,164
13125,178
13126,793
13127,1416
13128,897
13129,657
13130,1396
13131,1035
13132,1077
13133,863
13134,1144
13135,753
13136,933
13137,925
13138,1129
13139,1347
13140,442
13141,1049
13142,48
13143,799
13144,1348
13145,968
13146,402
13147,909
13148,537
13149,650
13150,342
13151,937
13152,298
13153,665
13154,1408
13155,1136
13156,622
13157,1453
13158,21
13159,1439
13160,528
13161,1231
13162,1421
13163,903
13164,916
13165,1124
13166,360
13167,267
13168,516
13169,719
13170,1114
13171,386
13172,847
13173,6
13174,47
13175,1450
13176,1275
13177,1295
13178,493
13179,771
13180,1012
13181,381
13182,1116
13183,1039
13184,611
13185,652
13186,461
13187,1205
13188,1480
13189,1499
13190,1157
13191,524
13192,1171
13193,367
13194,1344
13195,401
13196,604
13197,140
13198,122
13199,591
13200,825
13201,27
13202,1269
13203,172
13204,1497
13205,408
13206,569
13207,240
13208,1236
13209,1098
13210,118
13211,159
13212,914
13213,1299
13214,165
13215,332
13216,818
13217,163
13218,457
13219,16
13220,749
13221,1073
13222,618
13223,385
13224,637
13225,764
13226,249
13227,168
13228,273
13229,1477
13230,1084
13231,188
13232,452
13233,618
13234,272
13235,1277
13236,1410
13237,368
13238,25
13239,401
13240,874
13241,1212
13242,509
13243,410
13244,374
13245,5
13246,22
13247,642
13248,926
13249,19
13250,301
13251,1364
13252,1485
13253,963
13254,782
13255,874
13256,556
13257,303
13258,564
13259,1050
13260,994
13261,1016
13262,913
13263,91
13264,940
13265,1321
13266,973
13267,869
13268,336
13269,1188
13270,677
13271,395
13272,735
13273,183
13274,1389
13275,1053
13276,490
13277,1191
13278,82
13279,579
13280,977
13281,36
13282,1063
13283,1227
13284,891
13285,309
13286,1123
13287,509
13288,1104
13289,942
13290,141
13291,150
13292,23
13293,108
13294,450
13295,39
13296,1407
13297,1375
13298,259
13299,467
13300,1113
13301,991
13302,872
13303,1483
13304,945
13305,1004
13306,753
13307,788
13308,437
13309,781
13310,1377
13311,565
13312,200
13313,900
13314,1178
13315,1438
13316,813
13317,1182
13318,376
13319,636
13320,629
13321,499
13322,1074
13323,1325
13324,490
13325,204
13326,1238
13327,1274
13328,1402
13329,383
13330,1078
13331,1073
13332,1185
13333,1209
13334,1428
13335,716
13336,114
13337,289
13338,1330
13339,1267
13340,17
13341,551
13342,368
13343,481
13344,958
13345,765
13346,721
13347,653
13348,962
13349,1024
13350,66
13351,206
13352,512
13353,654
13354,1494
13355,1337
13356,973
13357,55
13358,151
13359,686
13360,880
13361,991
13362,213
13363,1331
13364,740
13365,891
13366,59
13367,1236
13368,815
13369,334
13370,478
13371,529
13372,41
13373,1413
13374,1204
13375,1329
13376,531
13377,837
13378,687
13379,713
13380,883
13381,677
13382,1160
13383,89
13384,289
13385,1338
13386,1323
13387,1227
13388,553
13389,684
13390,38
13391,419
13392,1089
13393,515
13394,720
13395,185
13396,745
13397,1082
13398,858
13399,835
13400,1371
13401,351
13402,449
13403,934
13404,720
13405,1468
13406,90
13407,184
13408,513
13409,688
13410,1335
13411,741
13412,656
13413,251
13414,651
13415,797
13416,876
13417,909
13418,645
13419,236
13420,229
13421,232
13422,928
13423,1284
13424,1324
13425,467
13426,120
13427,945
13428,58
13429,940
13430,575
13431,1258
13432,938
13433,1110
13434,609
13435,1261
13436,788
13437,938
13438,541
13439,674
13440,1260
13441,590
13442,33
13443,569
13444,588
13445,628
13446,106
13447,194
13448,486
13449,636
13450,44
13451,584
13452,480
13453,52
13454,376
13455,413
13456,216
13457,1128
13458,109
13459,867
13460,998
13461,1209
13462,818
13463,814
13464,1141
13465,1281
13466,317
13467,1194
13468,694
13469,148
13470,919
13471,1465
13472,211
13473,23
13474,1374
13475,895
13476,329
13477,1188
13478,591
13479,498
13480,435
13481,898
13482,202
13483,543
13484,458
13485,91
13486,1144
13487,13
13488,1439
13489,143
13490,537
13491,148
13492,550
13493,916
13494,132
13495,789
13496,1158
13497,683
13498,169
13499,1038
13500,280
13501,26
13502,655
13503,407
13504,43
13505,1166
13506,899
13507,1365
13508,721
13509,658
13510,1264
13511,123
13512,543
13513,1198
13514,439
13515,1327
13516,426
13517,621
13518,1346
13519,365
13520,1452
13521,66
13522,399
13523,887
13524,891
13525,1364
13526,1439
13527,1017
13528,989
13529,476
13530,1208
13531,964
13532,37
13533,1248
13534,540
13535,714
13536,729
13537,1229
13538,402
13539,588
13540,59
13541,523
13542,133
13543,874
13544,1339
13545,697
13546,1368
13547,1465
13548,81
13549,775
13550,792
13551,578
13552,1245
13553,593
13554,83
13555,822
13556,303
13557,533
13558,753
13559,1084
13560,417
13561,571
13562,102
13563,576
13564,870
13565,925
13566,440
13567,92
13568,866
13569,983
13570,128
13571,757
13572,143
13573,680
13574,961
13575,1079
13576,1070
13577,1137
13578,362
13579,1269
13580,525
13581,562
13582,1181
13583,491
13584,113
13585,1071
13586,993
13587,873
13588,215
13589,948
13590,298
13591,833
13592,762
13593,1159
13594,1464
13595,285
13596,172
13597,834
13598,1428
13599,237
13600,731
13601,611
13602,477
13603,996
13604,443
13605,740
13606,1268
13607,570
13608,32
13609,1327
13610,412
13611,1159
13612,1144
13613,789
13614,132
13615,1425
13616,1021
13617,637
13618,1280
13619,1182
13620,1140
13621,252
13622,949
13623,429
13624,118
13625,507
13626,156
13627,159
13628,1090
13629,753
13630,597
13631,289
13632,1156
13633,951
13634,878
13635,285
13636,186
13637,186
13638,38
13639,1453
13640,552
13641,987
13642,1473
13643,1404
13644,481
13645,735
13646,695
13647,51
13648,1152
13649,861
13650,557
13651,837
13652,1103
13653,23
13654,969
13655,1292
13656,1089
13657,930
13658,136
13659,1117
13660,1126
13661,741
13662,874
13663,927
13664,182
13665,386
13666,1188
13667,1460
13668,405
13669,601
13670,1373
13671,244
13672,392
13673,84
13674,352
13675,954
13676,522
13677,1475
13678,1337
13679,1343
13680,1089
13681,1053
13682,764
13683,1485
13684,143
13685,1084
13686,211
13687,509
13688,384
13689,902
13690,1181
13691,120
13692,902
13693,333
13694,116
13695,626
13696,872
13697,303
13698,585
13699,1430
13700,520
13701,1493
13702,1251
13703,557
13704,865
13705,1064
13706,697
13707,612
13708,495
13709,210
13710,38
13711,506
13712,1193
13713,350
13714,270
13715,492
13716,898
13717,323
13718,331
13719,169
13720,498
13721,326
13722,1246
13723,1358
13724,556
13725,128
13726,132
13727,487
13728,695
13729,793
13730,456
13731,532
13732,426
13733,776
13734,1045
13735,66
13736,718
13737,973
13738,1009
13739,845
13740,788
13741,1021
13742,568
13743,851
13744,479
13745,657
13746,187
13747,525
13748,213
13749,340
13750,629
13751,750
13752,1413
13753,40
13754,1347
13755,493
13756,1086
13757,1017
13758,1456
13759,163
13760,1450
13761,95
13762,1316
13763,978
13764,723
13765,597
13766,141
13767,1202
13768,1092
13769,1406
13770,1095
13771,1435
13772,1330
13773,638
13774,1055
13775,397
13776,1193
13777,913
13778,661
13779,942
13780,416
13781,933
13782,712
13783,483
13784,1463
13785,96
13786,1136
13787,315
13788,334
13789,232
13790,154
13791,186
13792,1249
13793,1389
13794,877
13795,21
13796,1296
13797,903
13798,781
13799,1421
13800,615
13801,540
13802,1169
13803,791
13804,1075
13805,1043
13806,1259
13807,476
13808,108
13809,717
13810,971
13811,1225
13812,401
13813,1118
13814,1248
13815,1212
13816,1212
13817,1481
13818,992
13819,556
13820,655
13821,1120
13822,355
13823,904
13824,859
13825,1000
13826,632
13827,1110
13828,108
13829,1124
13830,1218
13831,1328
13832,1384
13833,524
13834,70
13835,980
13836,136
13837,421
13838,1054
13839,892
13840,910
13841,1127
13842,247
13843,1186
13844,880
13845,630
13846,696
13847,763
13848,825
13849,501
13850,335
13851,254
13852,511
13853,391
13854,774
13855,1368
13856,163
13857,464
13858,74
13859,1462
13860,1051
13861,362
13862,621
13863,1084
13864,1436
13865,861
13866,407
13867,1045
13868,1028
13869,966
13870,69
13871,1060
13872,30
13873,1358
13874,1323
13875,845
13876,969
13877,102
13878,1311
13879,406
13880,393
13881,1062
13882,1408
13883,741
13884,761
13885,823
13886,437
13887,895
13888,1441
13889,574
13890,1159
13891,1161
13892,1276
13893,1085
13894,1382
13895,1071
13896,1464
13897,1073
13898,1255
13899,1335
13900,1475
13901,893
13902,1065
13903,1450
13904,570
13905,179
13906,1326
13907,948
13908,643
13909,1075
13910,49
13911,716
13912,398
13913,433
13914,1454
13915,825
13916,211
13917,547
13918,364
13919,1363
13920,437
13921,535
13922,501
13923,264
13924,1170
13925,865
13926,656
13927,594
13928,1000
13929,144
13930,1397
13931,847
13932,342
13933,807
13934,1278
13935,260
13936,786
13937,896
13938,1215
13939,851
13940,1104
13941,1160
13942,1336
13943,542
13944,1056
13945,373
13946,1266
13947,1426
13948,442
13949,842
13950,1233
13951,41
13952,1057
13953,1231
13954,1306
13955,295
13956,1135
13957,1179
13958,5
13959,1058
13960,939
13961,1453
13962,65
13963,1448
13964,857
13965,412
13966,581
13967,1149
13968,1494
13969,475
13970,1475
13971,944
13972,288
13973,897
13974,1202
13975,82
13976,119
13977,8
13978,855
13979,87
13980,1398
13981,192
13982,108
13983,387
13984,1145
13985,1360
13986,377
13987,778
13988,1160
13989,1195
13990,230
13991,1257
13992,1301
13993,1102
13994,791
13995,587
13996,1334
13997,1295
13998,777
13999,1113
14000,600
14001,1114
14002,134
14003,1352
14004,773
14005,898
14006,284
14007,793
14008,5
14009,1335
14010,1123
14011,682
14012,1253
14013,1217
14014,179
14015,81
14016,381
14017,2
14018,860
14019,792
14020,807
14021,111
14022,1377
14023,1464
14024,886
14025,9
14026,594
14027,1077
14028,1123
14029,365
14030,1234
14031,1451
14032,763
14033,572
14034,789
14035,41
14036,785
14037,41
14038,53
14039,830
14040,766
14041,1480
14042,762
14043,1469
14044,1210
14045,506
14046,1389
14047,724
14048,892
14049,151
14050,319
14051,783
14052,407
14053,899
14054,120
14055,377
14056,998
14057,918
14058,1475
14059,1349
14060,1216
14061,2
14062,904
14063,344
14064,401
14065,315
14066,684
14067,186
14068,798
14069,249
14070,751
14071,939
14072,270
14073,154
14074,1209
14075,1108
14076,392
14077,1330
14078,332
14079,1389
14080,170
14081,990
14082,29
14083,296
14084,607
14085,128
14086,686
14087,348
14088,149
14089,1442
14090,1472
14091,1443
14092,231
14093,573
14094,491
14095,489
14096,625
14097,765
14098,728
14099,438
14100,1469
14101,1469
14102,497
14103,332
14104,799
14105,554
14106,1480
14107,644
14108,60
14109,188
14110,112
14111,574
14112,475
14113,1285
14114,1335
14115,211
14116,1416
14117,876
14118,460
14119,610
14120,662
14121,256
14122,1301
14123,19
14124,105
14125,410
14126,216
14127,93
14128,575
14129,565
14130,189
14131,1215
14132,1323
14133,1079
14134,783
14135,1421
14136,526
14137,641
14138,23
14139,1061
14140,139
14141,998
14142,1173
14143,326
14144,918
14145,456
14146,598
14147,795
14148,374
14149,1195
14150,592
14151,693
14152,1222
14153,342
14154,678
14155,1490
14156,600
14157,174
14158,427
14159,1433
14160,1138
14161,1213
14162,381
14163,1258
14164,590
14165,1192
14166,1321
14167,313
14168,1407
14169,949
14170,1096
14171,1135
14172,253
14173,1118
14174,320
14175,408
14176,175
14177,272
14178,1468
14179,492
14180,581
14181,720
14182,1069
14183,861
14184,804
14185,1255
14186,744
14187,1153
14188,1366
14189,1014
14190,53
14191,395
14192,926
14193,718
14194,427
14195,503
14196,118
14197,353
14198,1174
14199,16
14200,1255
14201,509
14202,1212
14203,384
14204,1243
14205,858
14206,1277
14207,94
14208,1196
14209,406
14210,538
14211,68
14212,1431
14213,962
14214,1471
14215,852
14216,238
14217,506
14218,660
14219,221
14220,1397
14221,1436
14222,845
14223,877
14224,1055
14225,1018
14226,94
14227,797
14228,1165
14229,1209
14230,894
14231,1344
14232,879
14233,574
14234,664
14235,1035
14236,1329
14237,345
14238,440
14239,978
14240,1145
14241,599
14242,965
14243,11
14244,438
14245,1433
14246,865
14247,1302
14248,327
14249,436
14250,1462
14251,1496
14252,1315
14253,476
14254,1202
14255,688
14256,1266
14257,1277
14258,652
14259,457
14260,1462
14261,676
14262,648
14263,998
14264,1405
14265,196
14266,1476
14267,634
14268,39
14269,464
14270,694
14271,1015
14272,849
14273,204
14274,732
14275,349
14276,405
14277,1067
14278,1205
14279,235
14280,903
14281,633
14282,505
14283,1069
14284,373
14285,1148
14286,601
14287,143
14288,1188
14289,1278
14290,845
14291,1086
14292,222
14293,509
14294,525
14295,1145
14296,528
14297,1092
14298,460
14299,901
14300,315
14301,838
14302,122
14303,1102
14304,44
14305,1498
14306,1258
14307,868
14308,1364
14309,1213
14310,215
14311,1116
14312,566
14313,1283
14314,1295
14315,1431
14316,677
14317,290
14318,188
14319,249
14320,1487
14321,879
14322,528
14323,674
14324,260
14325,856
14326,639
14327,1197
14328,32
14329,1397
14330,91
14331,626
14332,511
14333,1077
14334,987
14335,296
14336,736
14337,802
14338,696
14339,33
14340,267
14341,756
14342,391
14343,818
14344,246
14345,1103
14346,283
14347,974
14348,1255
14349,538
14350,210
14351,9
14352,541
14353,174
14354,1322
14355,1459
14356,1470
14357,1383
14358,880
14359,488
14360,670
14361,389
14362,1260
14363,655
14364,578
14365,1035
14366,561
14367,535
14368,341
14369,101
14370,57
14371,604
14372,1492
14373,391
14374,961
14375,488
14376,454
14377,245
14378,845
14379,988
14380,525
14381,790
14382,714
14383,407
14384,1037
14385,831
14386,99
14387,739
14388,584
14389,1194
14390,460
14391,1434
14392,922
14393,196
14394,605
14395,1325
14396,382
14397,1057
14398,1175
14399,1039
14400,136
14401,562
14402,522
14403,516
14404,1318
14405,9
14406,808
14407,1473
14408,1313
14409,910
14410,1496
14411,604
14412,917
14413,816
14414,71
14415,61
14416,1345
14417,261
14418,532
14419,935
14420,863
14421,771
14422,1468
14423,1180
14424,1412
14425,988
14426,1468
14427,902
14428,813
14429,1223
14430,1303
14431,103
14432,1365
14433,1036
14434,1346
14435,1073
14436,1390
14437,413
14438,282
14439,294
14440,378
14441,321
14442,662
14443,298
14444,238
14445,786
14446,1190
14447,204
14448,767
14449,989
14450,1058
14451,158
14452,1100
14453,41
14454,356
14455,479
14456,1279
14457,288
14458,1173
14459,1483
14460,1439
14461,455
14462,144
14463,333
14464,1153
14465,295
14466,968
14467,561
14468,1150
14469,909
14470,878
14471,1173
14472,1432
14473,547
14474,793
14475,939
14476,1234
14477,723
14478,562
14479,1269
14480,1429
14481,853
14482,156
14483,435
14484,694
14485,1055
14486,1004
14487,1230
14488,45
14489,698
14490,1051
14491,1480
14492,214
14493,1318
14494,12
14495,296
14496,1270
14497,1180
14498,1459
14499,901
14500,924
14501,802
14502,768
14503,771
14504,439
14505,1280
14506,535
14507,916
14508,1004
14509,807
14510,917
14511,74
14512,474
14513,673
14514,591
14515,1362
14516,1345
14517,1067
14518,529
14519,77
14520,1132
14521,1326
14522,734
14523,1240
14524,1396
14525,820
14526,315
14527,34
14528,1135
14529,844
14530,231
14531,82
14532,1454
14533,481
14534,491
14535,943
14536,547
14537,1369
14538,1021
14539,537
14540,400
14541,1290
14542,888
14543,1377
14544,518
14545,32
14546,1348
14547,359
14548,1268
14549,1065
14550,348
14551,1135
14552,123
14553,589
14554,535
14555,985
14556,802
14557,918
14558,714
14559,1109
14560,240
14561,1078
14562,75
14563,129
14564,1085
14565,238
14566,1155
14567,199
14568,220
14569,1398
14570,266
14571,1370
14572,522
14573,1196
14574,1409
14575,175
14576,496
14577,861
14578,1298
14579,281
14580,280
14581,553
14582,307
14583,401
14584,195
14585,1243
14586,1195
14587,217
14588,805
14589,969
14590,941
14591,1475
14592,962
14593,1030
14594,50
14595,119
14596,928
14597,1361
14598,599
14599,964
14600,315
14601,685
14602,1127
14603,989
14604,172
14605,1318
14606,1390
14607,716
14608,511
14609,797
14610,1202
14611,679
14612,46
14613,109
14614,1217
14615,1180
14616,1158
14617,190
14618,256
14619,592
14620,347
14621,580
14622,838
14623,420
14624,186
14625,604
14626,1084
14627,927
14628,482
14629,467
14630,875
14631,259
14632,1250
14633,1304
14634,39
14635,1456
14636,36
14637,688
14638,1001
14639,491
14640,306
14641,72
14642,1091
14643,56
14644,726
14645,589
14646,1451
14647,1395
14648,1226
14649,1096
14650,814
14651,524
14652,250
14653,1452
14654,577
14655,643
14656,212
14657,415
14658,952
14659,640
14660,879
14661,318
14662,124
14663,1328
14664,648
14665,542
14666,429
14667,987
14668,845
14669,584
14670,1396
14671,1352
14672,298
14673,963
14674,1452
14675,732
14676,46
14677,199
14678,1001
14679,1352
14680,193
14681,820
14682,745
14683,428
14684,947
14685,1317
14686,359
14687,82
14688,539
14689,471
14690,1091
14691,805
14692,27
14693,510
14694,1102
14695,715
14696,844
14697,397
14698,479
14699,195
14700,123
14701,56
14702,936
14703,237
14704,861
14705,1429
14706,1046
14707,863
14708,176
14709,733
14710,1336
14711,577
14712,1239
14713,1062
14714,400
14715,212
14716,26
14717,414
14718,500
14719,984
14720,859
14721,719
14722,1084
14723,1155
14724,1070
14725,1345
14726,540
14727,1235
14728,631
14729,277
14730,219
14731,138
14732,1433
14733,254
14734,1253
14735,1175
14736,659
14737,1370
14738,1362
14739,1388
14740,745
14741,448
14742,66
14743,1260
14744,1309
14745,804
14746,107
14747,1234
14748,448
14749,822
14750,989
14751,219
14752,95
14753,119
14754,1438
14755,1435
14756,640
14757,639
14758,610
14759,526
14760,816
14761,535
14762,924
14763,569
14764,945
14765,1417
14766,309
14767,94
14768,790
14769,179
14770,347
14771,1184
14772,627
14773,824
14774,1164
14775,193
14776,718
14777,52
14778,749
14779,337
14780,1366
14781,391
14782,301
14783,22
14784,200
14785,324
14786,342
14787,1107
14788,1331
14789,1283
14790,1434
14791,1347
14792,683
14793,585
14794,974
14795,479
14796,905
14797,1499
14798,297
14799,1154
14800,1403
14801,806
14802,534
14803,382
14804,252
14805,482
14806,1120
14807,773
14808,332
14809,813
14810,1213
14811,21
14812,31
14813,1439
14814,1122
14815,863
14816,1359
14817,884
14818,781
14819,317
14820,1216
14821,1147
14822,444
14823,1106
14824,1090
14825,143
14826,241
14827,892
14828,935
14829,987
14830,560
14831,1253
14832,669
14833,309
14834,173
14835,1316
14836,1061
14837,692
14838,314
14839,145
14840,230
14841,159
14842,794
14843,297
14844,192
14845,424
14846,1049
14847,745
14848,231
14849,1123
14850,734
14851,280
14852,1037
14853,1488
14854,810
14855,243
14856,465
14857,899
14858,1499
14859,1393
14860,1399
14861,1248
14862,862
14863,972
14864,1101
14865,1073
14866,958
14867,202
14868,1319
14869,15
14870,639
14871,651
14872,1494
14873,135
14874,714
14875,537
14876,147
14877,336
14878,633
14879,1374
14880,582
14881,1320
14882,1100
14883,1228
14884,1280
14885,1071
14886,1100
14887,231
14888,1075
14889,73
14890,1106
14891,981
14892,1135
14893,963
14894,553
14895,554
14896,894
14897,709
14898,511
14899,734
14900,805
14901,360
14902,957
14903,471
14904,402
14905,628
14906,155
14907,905
14908,1100
14909,1433
14910,426
14911,808
14912,755
14913,1097
14914,937
14915,1210
14916,1276
14917,171
14918,533
14919,980
14920,816
14921,723
14922,260
14923,859
14924,1111
14925,58
14926,887
14927,1359
14928,861
14929,1429
14930,529
14931,6
14932,1023
14933,319
14934,15
14935,271
14936,1401
14937,1172
14938,413
14939,897
14940,509
14941,266
14942,1482
14943,1221
14944,545
14945,530
14946,1223
14947,691
14948,566
14949,581
14950,670
14951,782
14952,61
14953,720
14954,660
14955,412
14956,533
14957,637
14958,549
14959,1362
14960,793
14961,754
14962,395
14963,1374
14964,35
14965,825
14966,254
14967,1153
14968,568
14969,441
14970,87
14971,1185
14972,595
14973,397
14974,1266
14975,30
14976,703
14977,241
14978,191
14979,33
14980,281
14981,1420
14982,668
14983,1499
14984,401
14985,1143
14986,135
14987,163
14988,25
14989,1348
14990,1007
14991,1115
14992,1391
14993,499
14994,1084
14995,753
14996,814
14997,992
14998,705
14999,37
15000,113
15001,752
15002,855
15003,1098
15004,858
15005,283
15006,550
15007,666
15008,1475
15009,799
15010,952
15011,1103
15012,543
15013,1446
15014,1012
15015,1272
15016,1124
15017,932
15018,47
15019,875
15020,195
15021,905
15022,1052
15023,818
15024,463
15025,89
15026,1006
15027,1047
15028,717
15029,1074
15030,1168
15031,769
15032,72
15033,1305
15034,700
15035,1008
15036,1366
15037,544
15038,933
15039,30
15040,1327
15041,89
15042,812
15043,528
15044,54
15045,693
15046,1403
15047,251
15048,439
15049,284
15050,188
15051,346
15052,858
15053,1170
15054,1035
15055,1157
15056,1073
15057,575
15058,1350
15059,259
15060,1049
15061,167
15062,1148
15063,131
15064,325
15065,587
15066,1042
15067,69
15068,386
15069,501
15070,1096
15071,1442
15072,921
15073,761
15074,505
15075,1234
15076,161
15077,194
15078,302
15079,402
15080,692
15081,1419
15082,975
15083,575
15084,318
15085,972
15086,380
15087,1464
15088,717
15089,826
15090,1355
15091,458
15092,708
15093,798
15094,407
15095,82
15096,426
15097,169
15098,1013
15099,11
15100,475
15101,1326
15102,853
15103,1007
15104,1003
15105,448
15106,948
15107,332
15108,953
15109,1024
15110,1314
15111,1379
15112,36
15113,449
15114,821
15115,483
15116,928
15117,1281
15118,387
15119,1340
15120,1323
15121,1371
15122,111
15123,440
15124,187
15125,181
15126,80
15127,660
15128,131
15129,444
15130,1472
15131,1325
15132,1405
15133,55
15134,991
15135,951
15136,200
15137,1359
15138,607
15139,1465
15140,171
15141,975
15142,196
15143,1424
15144,911
15145,114
15146,323
15147,539
15148,20
15149,14
15150,1388
15151,1471
15152,804
15153,1354
15154,983
15155,43
15156,1072
15157,28
15158,1224
15159,551
15160,212
15161,388
15162,1025
15163,1270
15164,856
15165,241
15166,1350
15167,1186
15168,615
15169,832
15170,1445
15171,566
15172,39
15173,219
15174,900
15175,1496
15176,1110
15177,927
15178,485
15179,659
15180,58
15181,557
15182,935
15183,1358
15184,1383
15185,1231
15186,33
15187,1216
15188,328
15189,924
15190,1419
15191,1332
15192,996
15193,449
15194,781
15195,1055
15196,771
15197,607
15198,604
15199,900
15200,54
15201,1497
15202,153
15203,1476
15204,54
15205,769
15206,626
15207,861
15208,650
15209,1346
15210,25
15211,1478
15212,1034
15213,1168
15214,210
15215,98
15216,596
15217,484
15218,1174
15219,1344
15220,641
15221,1152
15222,90
15223,1113
15224,149
15225,1002
15226,573
15227,623
15228,415
15229,605
15230,1311
15231,1213
15232,511
15233,441
15234,764
15235,1027
15236,274
15237,1089
15238,1423
15239,1266
15240,822
15241,480
15242,485
15243,1113
15244,682
15245,160
15246,1016
15247,207
15248,1480
15249,626
15250,513
15251,83
15252,252
15253,1421
15254,806
15255,1352
15256,1433
15257,74
15258,571
15259,1257
15260,744
15261,763
15262,855
15263,1053
15264,1408
15265,1330
15266,938
15267,865
15268,542
15269,175
15270,1063
15271,4
15272,1047
15273,745
15274,1179
15275,1423
15276,829
15277,859
15278,731
15279,560
15280,134
15281,47
15282,1084
15283,1372
15284,81
15285,491
15286,912
15287,1057
15288,1103
15289,1041
15290,126
15291,381
15292,704
15293,96
15294,515
15295,578
15296,1467
15297,476
15298,1457
15299,1050
15300,1038
15301,1229
15302,1263
15303,334
15304,631
15305,792
15306,1465
15307,61
15308,715
15309,322
15310,311
15311,1142
15312,303
15313,1190
15314,1490
15315,1164
15316,255
15317,214
15318,656
15319,827
15320,1167
15321,634
15322,251
15323,1487
15324,1356
15325,981
15326,1043
15327,1402
15328,712
15329,218
15330,909
15331,676
15332,1199
15333,1157
15334,707
15335,552
15336,633
15337,949
15338,955
15339,768
15340,798
15341,1487
15342,381
15343,261
15344,1198
15345,1403
15346,913
15347,602
15348,523
15349,702
15350,79
15351,793
15352,405
15353,398
15354,840
15355,1445
15356,309
15357,1367
15358,779
15359,1459
15360,573
15361,1495
15362,990
15363,1005
15364,845
15365,678
15366,788
15367,1276
15368,1188
15369,36
15370,1042
15371,1251
15372,1116
15373,746
15374,503
15375,1010
15376,995
15377,561
15378,610
15379,553
15380,68
15381,48
15382,125
15383,636
15384,766
15385,613
15386,1432
15387,337
15388,590
15389,371
15390,450
15391,876
15392,465
15393,477
15394,1006
15395,1245
15396,319
15397,167
15398,359
15399,866
15400,1439
15401,240
15402,65
15403,792
15404,1486
15405,829
15406,1386
15407,963
15408,48
15409,641
15410,1155
15411,764
15412,293
15413,272
15414,995
15415,695
15416,861
15417,560
15418,509
15419,999
15420,12
15421,652
15422,556
15423,1169
15424,1092
15425,639
15426,394
15427,354
15428,317
15429,411
15430,1141
15431,68
15432,40
15433,810
15434,335
15435,1246
15436,1128
15437,1153
15438,686
15439,657
15440,638
15441,294
15442,851
15443,1295
15444,385
15445,86
15446,847
15447,599
15448,1196
15449,1285
15450,1426
15451,590
15452,1352
15453,177
15454,559
15455,399
15456,1384
15457,900
15458,549
15459,228
15460,1174
15461,982
15462,1279
15463,657
15464,225
15465,502
15466,930
15467,362
15468,106
15469,1235
15470,796
15471,595
15472,829
15473,1107
15474,3
15475,661
15476,382
15477,138
15478,54
15479,661
15480,816
15481,762
15482,1174
15483,687
15484,885
15485,1224
15486,986
15487,1366
15488,333
15489,1180
15490,1045
15491,874
15492,6
15493,812
15494,1287
15495,967
15496,8
15497,432
15498,854
15499,1217
15500,667
15501,1285
15502,1193
15503,401
15504,293
15505,1354
15506,884
15507,1273
15508,1383
15509,637
15510,69
15511,1363
15512,875
15513,181
15514,795
15515,42
15516,435
15517,522
15518,682
15519,848
15520,1259
15521,527
15522,1103
15523,1413
15524,1123
15525,382
15526,1016
15527,422
15528,717
15529,952
15530,440
15531,6
15532,1255
15533,1091
15534,185
15535,566
15536,393
15537,1466
15538,1412
15539,1037
15540,661
15541,79
15542,371
15543,139
15544,1184
15545,133
15546,1016
15547,1428
15548,462
15549,1026
15550,1318
15551,641
15552,673
15553,301
15554,641
15555,1310
15556,995
15557,303
15558,790
15559,1060
15560,116
15561,1145
15562,302
15563,442
15564,625
15565,757
15566,1374
15567,335
15568,384
15569,569
15570,1286
15571,1447
15572,682
15573,1040
15574,1375
15575,1270
15576,1022
15577,811
15578,1476
15579,359
15580,544
15581,1069
15582,32
15583,751
15584,1281
15585,266
15586,1204
15587,619
15588,1290
15589,952
15590,236
15591,1103
15592,85
15593,365
15594,1332
15595,1314
15596,70
15597,569
15598,142
15599,407
15600,1451
15601,293
15602,962
15603,1206
15604,1321
15605,531
15606,1045
15607,725
15608,161
15609,335
15610,1122
15611,1029
15612,782
15613,1171
15614,1037
15615,509
15616,441
15617,1417
15618,1457
15619,46
15620,1186
15621,200
15622,1291
15623,883
15624,1031
15625,1052
15626,907
15627,376
15628,1210
15629,831
15630,818
15631,478
15632,16
15633,831
15634,518
15635,989
15636,547
15637,1459
15638,1021
15639,684
15640,1062
15641,972
15642,931
15643,867
15644,1397
15645,477
15646,649
15647,380
15648,854
15649,1481
15650,912
15651,311
15652,1382
15653,1185
15654,660
15655,220
15656,604
15657,1206
15658,866
15659,279
15660,238
15661,1450
15662,671
15663,1029
15664,541
15665,136
15666,618
15667,1040
15668,500
15669,905
15670,657
15671,506
15672,383
15673,391
15674,384
15675,1078
15676,506
15677,1112
15678,467
15679,491
15680,1386
15681,1314
15682,601
15683,403
15684,1073
15685,105
15686,685
15687,900
15688,1013
15689,161
15690,5
15691,415
15692,179
15693,761
15694,1379
15695,430
15696,681
15697,323
15698,66
15699,1055
15700,385
15701,820
15702,1024
15703,1259
15704,279
15705,872
15706,1366
15707,725
15708,61
15709,392
15710,1192
15711,1188
15712,472
15713,296
15714,438
15715,364
15716,1111
15717,1262
15718,70
15719,1112
15720,1128
15721,919
15722,1307
15723,59
15724,1049
15725,191
15726,1345
15727,750
15728,137
15729,1119
15730,1124
15731,696
15732,466
15733,26
15734,1362
15735,277
15736,1264
15737,883
15738,1028
15739,1041
15740,1287
15741,51
15742,1486
15743,65
15744,1498
15745,392
15746,1268
15747,126
15748,691
15749,813
15750,1431
15751,186
15752,55
15753,972
15754,74
15755,1166
15756,58
15757,1455
15758,799
15759,1422
15760,190
15761,410
15762,682
15763,45
15764,155
15765,494
15766,1105
15767,1063
15768,131
15769,90
15770,984
15771,540
15772,1188
15773,447
15774,544
15775,329
15776,400
15777,1059
15778,707
15779,988
15780,118
15781,803
15782,688
15783,1366
15784,635
15785,155
15786,1046
15787,225
15788,1363
15789,575
15790,1177
15791,984
15792,697
15793,876
15794,274
15795,111
15796,1149
15797,1437
15798,1293
15799,458
15800,537
15801,539
15802,1054
15803,935
15804,1194
15805,1417
15806,589
15807,994
15808,751
15809,1432
15810,531
15811,282
15812,568
15813,928
15814,1430
15815,1243
15816,28
15817,764
15818,239
15819,543
15820,1415
15821,1477
15822,231
15823,212
15824,1044
15825,616
15826,649
15827,1310
15828,1380
15829,1350
15830,1174
15831,1470
15832,1080
15833,1327
15834,811
15835,77
15836,1224
15837,1394
15838,469
15839,642
15840,858
15841,977
15842,1012
15843,592
15844,1281
15845,1220
15846,1413
15847,864
15848,117
15849,1268
15850,120
15851,291
15852,428
15853,278
15854,1085
15855,661
15856,329
15857,8
15858,325
15859,1039
15860,1191
15861,444
15862,110
15863,836
15864,1174
15865,105
15866,1193
15867,256
15868,387
15869,934
15870,78
15871,459
15872,209
15873,322
15874,1160
15875,344
15876,66
15877,323
15878,131
15879,934
15880,1459
15881,252
15882,1093
15883,544
15884,108
15885,1032
15886,315
15887,770
15888,761
15889,896
15890,203
15891,377
15892,1106
15893,1399
15894,18
15895,621
15896,1322
15897,431
15898,671
15899,1356
15900,1453
15901,983
15902,1041
15903,921
15904,426
15905,1330
15906,52
15907,88
15908,903
15909,1256
15910,1221
15911,1017
15912,565
15913,540
15914,639
15915,385
15916,629
15917,158
15918,480
15919,1411
15920,1060
15921,213
15922,430
15923,389
15924,423
15925,1036
15926,1342
15927,1065
15928,733
15929,241
15930,215
15931,1221
15932,1016
15933,765
15934,866
15935,1272
15936,1220
15937,131
15938,593
15939,65
15940,577
15941,955
15942,313
15943,225
15944,736
15945,787
15946,1071
15947,22
15948,372
15949,1170
15950,1023
15951,1349
15952,1222
15953,1258
15954,766
15955,1437
15956,624
15957,1354
15958,588
15959,666
15960,1028
15961,598
15962,221
15963,1344
15964,679
15965,1390
15966,599
15967,1459
15968,904
15969,1152
15970,1133
15971,303
15972,1223
15973,1417
15974,992
15975,1420
15976,1269
15977,999
15978,716
15979,1286
15980,279
15981,842
15982,1223
15983,1416
15984,401
15985,141
15986,500
15987,1296
15988,786
15989,84
15990,179
15991,509
15992,514
15993,203
15994,741
15995,719
15996,299
15997,349
15998,996
15999,1428
16000,1494
16001,839
16002,58
16003,1346
16004,1425
16005,417
16006,601
16007,39
16008,1202
16009,1163
16010,31
16011,1053
16012,618
16013,818
16014,328
16015,1223
16016,607
16017,1260
16018,223
16019,882
16020,465
16021,1448
16022,835
16023,1079
16024,130
16025,1015
16026,152
16027,542
16028,334
16029,4
16030,879
16031,362
16032,769
16033,1146
16034,268
16035,1065
16036,446
16037,497
16038,865
16039,938
16040,983
16041,293
16042,869
16043,396
16044,416
16045,1421
16046,152
16047,620
16048,659
16049,368
16050,1178
16051,731
16052,1079
16053,581
16054,1345
16055,1094
16056,500
16057,1443
16058,1297
16059,888
16060,25
16061,887
16062,1036
16063,547
16064,216
16065,847
16066,1202
16067,479
16068,685
16069,2
16070,1056
16071,1299
16072,1164
16073,644
16074,68
16075,738
16076,1410
16077,126
16078,321
16079,1255
16080,852
16081,256
16082,37
16083,616
16084,892
16085,1260
16086,1325
16087,687
16088,634
16089,1396
16090,1165
16091,314
16092,1022
16093,1073
16094,351
16095,1467
16096,445
16097,824
16098,741
16099,1038
16100,1352
16101,590
16102,577
16103,1127
16104,1428
16105,1363
16106,1129
16107,1054
16108,1153
16109,1403
16110,16
16111,883
16112,52
16113,866
16114,592
16115,457
16116,1336
16117,1064
16118,851
16119,1323
16120,147
16121,969
16122,235
16123,350
16124,278
16125,816
16126,943
16127,1134
16128,661
16129,1409
16130,560
16131,235
16132,55
16133,192
16134,668
16135,620
16136,1281
16137,189
16138,394
16139,1470
16140,43
16141,637
16142,298
16143,800
16144,1460
16145,341
16146,556
16147,674
16148,1197
16149,1477
16150,145
16151,733
16152,1129
16153,14
16154,1209
16155,364
16156,778
16157,1467
16158,953
16159,1483
16160,905
16161,316
16162,1039
16163,923
16164,466
16165,116
16166,972
16167,866
16168,1160
16169,189
16170,808
16171,1228
16172,1336
16173,1409
16174,318
16175,260
16176,864
16177,694
16178,352
16179,153
16180,216
16181,509
16182,1109
16183,98
16184,158
16185,397
16186,1310
16187,1485
16188,660
16189,67
16190,18
16191,1288
16192,667
16193,117
16194,1250
16195,793
16196,525
16197,678
16198,338
16199,1397
16200,1181
16201,299
16202,1102
16203,270
16204,680
16205,1123
16206,55
16207,1088
16208,339
16209,1049
16210,749
16211,40
16212,1143
16213,390
16214,1428
16215,1260
16216,290
16217,901
16218,543
16219,903
16220,835
16221,444
16222,977
16223,390
16224,1361
16225,1419
16226,249
16227,1091
16228,1394
16229,191
16230,1109
16231,1406
16232,338
16233,873
16234,1196
16235,500
16236,357
16237,596
16238,503
16239,1088
16240,557
16241,565
16242,1416
16243,868
16244,1394
16245,1066
16246,1327
16247,293
16248,1407
16249,1416
16250,62
16251,534
16252,620
16253,629
16254,1167
16255,1048
16256,320
16257,913
16258,1461
16259,660
16260,1392
16261,974
16262,1387
16263,1354
16264,25
16265,1200
16266,284
16267,1236
16268,1212
16269,388
16270,100
16271,629
16272,455
16273,831
16274,123
16275,67
16276,656
16277,1154
16278,473
16279,485
16280,246
16281,424
16282,448
16283,389
16284,516
16285,425
16286,1021
16287,507
16288,1132
16289,907
16290,961
16291,875
16292,1384
16293,384
16294,1473
16295,310
16296,208
16297,1239
16298,1344
16299,139
16300,900
16301,769
16302,330
16303,781
16304,1028
16305,861
16306,780
16307,1328
16308,339
16309,936
16310,475
16311,1460
16312,378
16313,1307
16314,948
16315,322
16316,1138
16317,362
16318,394
16319,517
16320,1022
16321,587
16322,854
16323,829
16324,295
16325,349
16326,460
16327,334
16328,1378
16329,572
16330,607
16331,1008
16332,1182
16333,1032
16334,827
16335,1464
16336,1349
16337,304
16338,240
16339,589
16340,1253
16341,1447
16342,1054
16343,1035
16344,351
16345,888
16346,277
16347,809
16348,291
16349,114
16350,1450
16351,1340
16352,1028
16353,938
16354,360
16355,857
16356,1122
16357,809
16358,423
16359,588
16360,1261
16361,382
16362,1442
16363,1133
16364,1335
16365,764
16366,336
16367,51
16368,802
16369,599
16370,171
16371,1392
16372,1455
16373,561
16374,1002
16375,620
16376,745
16377,936
16378,625
16379,1202
16380,284
16381,1003
16382,1474
16383,1275
16384,69
16385,171
16386,943
16387,1386
16388,1266
16389,1355
16390,225
16391,779
16392,1089
16393,937
16394,1165
16395,320
16396,686
16397,672
16398,1409
16399,304
16400,490
16401,33
16402,228
16403,1471
16404,1271
16405,389
16406,1053
16407,890
16408,1359
16409,451
16410,1491
16411,556
16412,1075
16413,597
16414,1007
16415,503
16416,1265
16417,956
16418,433
16419,1441
16420,1064
16421,643
16422,204
16423,1460
16424,1132
16425,1002
16426,1249
16427,911
16428,348
16429,356
16430,119
16431,95
16432,1093
16433,1278
16434,246
16435,861
16436,186
16437,622
16438,1186
16439,1218
16440,1423
16441,466
16442,1423
16443,1175
16444,508
16445,492
16446,162
16447,1381
16448,305
16449,402
16450,619
16451,207
16452,1209
16453,1047
16454,235
16455,245
16456,33
16457,1424
16458,654
16459,983
16460,225
16461,347
16462,812
16463,314
16464,919
16465,1385
16466,458
16467,912
16468,1373
16469,1340
16470,12
16471,166
16472,1479
16473,1388
16474,483
16475,780
16476,859
16477,1002
16478,1125
16479,559
16480,1335
16481,89
16482,49
16483,1437
16484,266
16485,1491
16486,429
16487,547
16488,42
16489,1415
16490,539
16491,252
16492,725
16493,232
16494,1184
16495,110
16496,749
16497,587
16498,56
16499,79
16500,778
16501,592
16502,195
16503,208
16504,1207
16505,1096
16506,912
16507,1250
16508,104
16509,1032
16510,1129
16511,301
16512,805
16513,1150
16514,905
16515,375
16516,997
16517,1139
16518,15
16519,851
16520,757
16521,550
16522,67
16523,126
16524,1125
16525,1241
16526,629
16527,1409
16528,1391
16529,999
16530,871
16531,1446
16532,915
16533,1401
16534,1468
16535,292
16536,991
16537,1097
16538,1230
16539,524
16540,1292
16541,731
16542,580
16543,236
16544,482
16545,1462
16546,1074
16547,1089
16548,1343
16549,401
16550,992
16551,557
16552,1272
16553,634
16554,1282
16555,1121
16556,1158
16557,1388
16558,1186
16559,482
16560,782
16561,709
16562,97
16563,890
16564,656
16565,590
16566,165
16567,756
16568,868
16569,159
16570,952
16571,252
16572,218
16573,602
16574,584
16575,1372
16576,102
16577,524
16578,1102
16579,375
16580,1472
16581,1114
16582,1419
16583,1423
16584,164
16585,689
16586,1117
16587,13
16588,678
16589,1032
16590,1189
16591,623
16592,1294
16593,1010
16594,69
16595,417
16596,1406
16597,4
16598,162
16599,517
16600,1490
16601,1057
16602,222
16603,590
16604,1409
16605,329
16606,863
16607,696
16608,1140
16609,1128
16610,1250
16611,180
16612,681
16613,1037
16614,629
16615,1001
16616,954
16617,556
16618,151
16619,1455
16620,1239
16621,1342
16622,450
16623,474
16624,485
16625,47
16626,255
16627,463
16628,1481
16629,307
16630,762
16631,821
16632,540
16633,1378
16634,140
16635,1305
16636,1115
16637,459
16638,1151
16639,643
16640,1456
16641,55
16642,45
16643,816
16644,1397
16645,95
16646,1167
16647,1407
16648,730
16649,1300
16650,1135
16651,322
16652,1281
16653,1049
16654,19
16655,852
16656,981
16657,1202
16658,1157
16659,714
16660,449
16661,288
16662,134
16663,960
16664,1439
16665,121
16666,1054
16667,877
16668,258
16669,319
16670,427
16671,1027
16672,448
16673,1242
16674,555
16675,165
16676,144
16677,601
16678,612
16679,1100
16680,718
16681,246
16682,320
16683,850
16684,501
16685,1008
16686,1384
16687,532
16688,828
16689,1248
16690,316
16691,766
16692,458
16693,940
16694,1114
16695,212
16696,282
16697,35
16698,19
16699,77
16700,1060
16701,1355
16702,615
16703,1324
16704,1094
16705,1211
16706,1110
16707,300
16708,785
16709,788
16710,962
16711,1194
16712,169
16713,1012
16714,1249
16715,174
16716,623
16717,1343
16718,37
16719,241
16720,1206
16721,258
16722,1053
16723,1351
16724,748
16725,727
16726,643
16727,559
16728,570
16729,830
16730,1343
16731,1472
16732,1298
16733,180
16734,460
16735,1135
16736,818
16737,502
16738,467
16739,176
16740,499
16741,633
16742,624
16743,823
16744,410
16745,309
16746,1331
16747,608
16748,382
16749,953
16750,813
16751,865
16752,333
16753,1085
16754,289
16755,1254
16756,636
16757,614
16758,583
16759,635
16760,998
16761,745
16762,191
16763,849
16764,401
16765,163
16766,1260
16767,469
16768,892
16769,258
16770,509
16771,579
16772,201
16773,1460
16774,468
16775,874
16776,848
16777,644
16778,878
16779,849
16780,121
16781,1003
16782,172
16783,652
16784,547
16785,672
16786,108
16787,1052
16788,628
16789,92
16790,6
16791,810
16792,999
16793,821
16794,1080
16795,1135
16796,1308
16797,1473
16798,1327
16799,1193
16800,647
16801,756
16802,924
16803,255
16804,1016
16805,882
16806,780
16807,1251
16808,1031
16809,1398
16810,1464
16811,1238
16812,447
16813,284
16814,449
16815,1069
16816,1296
16817,1320
16818,1026
16819,1021
16820,1427
16821,1028
16822,212
16823,750
16824,538
16825,955
16826,954
16827,442
16828,450
16829,134
16830,440
16831,1241
16832,983
16833,1414
16834,1389
16835,1285
16836,270
16837,501
16838,87
16839,141
16840,347
16841,420
16842,24
16843,1264
16844,790
16845,984
16846,980
16847,1450
16848,221
16849,514
16850,463
16851,827
16852,789
16853,1185
16854,841
16855,351
16856,847
16857,1446
16858,868
16859,889
16860,264
16861,12
16862,315
16863,38
16864,678
16865,1323
16866,670
16867,968
16868,1283
16869,1144
16870,976
16871,1176
16872,421
16873,631
16874,599
16875,1198
16876,613
16877,1406
16878,280
16879,259
16880,1074
16881,1146
16882,1018
16883,462
16884,14
16885,482
16886,700
16887,619
16888,1383
16889,1295
16890,1162
16891,34
16892,191
16893,651
16894,932
16895,1020
16896,445
16897,166
16898,492
16899,1188
16900,1479
16901,1412
16902,890
16903,137
16904,1451
16905,230
16906,403
16907,1461
16908,756
16909,297
16910,753
16911,119
16912,474
16913,1428
16914,448
16915,1339
16916,814
16917,983
16918,1054
16919,827
16920,52
16921,1378
16922,713
16923,983
16924,831
16925,987
16926,532
16927,1265
16928,337
16929,980
16930,867
16931,756
16932,33
16933,585
16934,72
16935,755
16936,1031
16937,784
16938,1135
16939,541
16940,459
16941,672
16942,344
16943,1203
16944,1214
16945,625
16946,1189
16947,39
16948,233
16949,425
16950,582
16951,348
16952,768
16953,1190
16954,684
16955,674
16956,90
16957,421
16958,1211
16959,1216
16960,157
16961,29
16962,1246
16963,262
16964,862
16965,1240
16966,1181
16967,826
16968,565
16969,1160
16970,1042
16971,1257
16972,771
16973,1413
16974,1154
16975,96
16976,441
16977,1199
16978,175
16979,1063
16980,511
16981,311
16982,810
16983,1397
16984,1346
16985,606
16986,6
16987,1331
16988,1345
16989,908
16990,943
16991,790
16992,19
16993,240
16994,215
16995,1371
16996,75
16997,835
16998,544
16999,10
17000,1378
17001,28
17002,1283
17003,1166
17004,1190
17005,243
17006,1321
17007,898
17008,603
17009,1021
17010,512
17011,419
17012,433
17013,854
17014,901
17015,361
17016,369
17017,1419
17018,772
17019,1290
17020,495
17021,432
17022,424
17023,793
17024,1168
17025,751
17026,443
17027,1440
17028,859
17029,591
17030,15
17031,843
17032,931
17033,1393
17034,346
17035,245
17036,1498
17037,826
17038,41
17039,159
17040,713
17041,926
17042,366
17043,549
17044,1104
17045,1451
17046,737
17047,623
17048,542
17049,205
17050,80
17051,1251
17052,56
17053,1231
17054,371
17055,1042
17056,1427
17057,1123
17058,1094
17059,397
17060,897
17061,963
17062,638
17063,57
17064,1368
17065,296
17066,1460
17067,1398
17068,29
17069,1109
17070,951
17071,346
17072,1219
17073,167
17074,373
17075,1423
17076,1114
17077,169
17078,216
17079,386
17080,106
17081,274
17082,858
17083,12
17084,431
17085,471
17086,1456
17087,1461
17088,1268
17089,513
17090,791
17091,756
17092,1290
17093,1119
17094,1359
17095,827
17096,1378
17097,1115
17098,1108
17099,992
17100,504
17101,913
17102,535
17103,974
17104,382
17105,1198
17106,857
17107,1065
17108,333
17109,1187
17110,1204
17111,219
17112,525
17113,1016
17114,1310
17115,1105
17116,708
17117,450
17118,1365
17119,1311
17120,1345
17121,457
17122,655
17123,366
17124,1431
17125,1300
17126,260
17127,371
17128,828
17129,623
17130,690
17131,552
17132,1011
17133,1347
17134,1375
17135,683
17136,1242
17137,1041
17138,296
17139,1191
17140,526
17141,942
17142,1081
17143,1415
17144,1422
17145,1203
17146,759
17147,600
17148,662
17149,1426
17150,308
17151,787
17152,1019
17153,34
17154,952
17155,390
17156,421
17157,932
17158,14
17159,236
17160,682
17161,876
17162,164
17163,543
17164,462
17165,802
17166,451
17167,3
17168,795
17169,1272
17170,877
17171,543
17172,724
17173,211
17174,355
17175,657
17176,888
17177,729
17178,1444
17179,956
17180,35
17181,787
17182,874
17183,66
17184,578
17185,1307
17186,535
17187,685
17188,332
17189,116
17190,477
17191,1159
17192,1474
17193,990
17194,1246
17195,974
17196,988
17197,640
17198,92
17199,616
17200,1297
17201,804
17202,1143
17203,76
17204,302
17205,449
17206,539
17207,1481
17208,693
17209,993
17210,967
17211,628
17212,1449
17213,334
17214,52
17215,1118
17216,981
17217,391
17218,1302
17219,244
17220,377
17221,232
17222,280
17223,1094
17224,1055
17225,964
17226,1291
17227,105
17228,931
17229,173
17230,1433
17231,951
17232,1140
17233,857
17234,576
17235,1029
17236,1253
17237,267
17238,1307
17239,1090
17240,129
17241,1404
17242,271
17243,901
17244,195
17245,294
17246,964
17247,1019
17248,1030
17249,515
17250,1230
17251,74
17252,1281
17253,454
17254,931
17255,1358
17256,383
17257,617
17258,1242
17259,1297
17260,353
17261,763
17262,500
17263,775
17264,569
17265,8
17266,1386
17267,956
17268,693
17269,162
17270,107
17271,718
17272,973
17273,391
17274,1116
17275,589
17276,17
17277,806
17278,272
17279,22
17280,196
17281,427
17282,772
17283,1484
17284,328
17285,87
17286,287
17287,479
17288,308
17289,482
17290,1453
17291,569
17292,952
17293,1027
17294,196
17295,372
17296,624
17297,690
17298,20
17299,967
17300,451
17301,484
17302,904
17303,1423
17304,1297
17305,1469
17306,620
17307,180
17308,324
17309,516
17310,451
17311,312
17312,227
17313,280
17314,987
17315,736
17316,57
17317,846
17318,1263
17319,639
17320,478
17321,409
17322,569
17323,418
17324,1386
17325,1488
17326,515
17327,1385
17328,1280
17329,114
17330,736
17331,985
17332,633
17333,685
17334,741
17335,1033
17336,441
17337,895
17338,365
17339,1333
17340,127
17341,101
17342,57
17343,525
17344,909
17345,1478
17346,682
17347,274
17348,552
17349,191
17350,708
17351,1093
17352,54
17353,1166
17354,343
17355,1008
17356,1223
17357,1164
17358,1005
17359,1040
17360,282
17361,204
17362,572
17363,912
17364,927
17365,1165
17366,463
17367,1298
17368,674
17369,370
17370,1103
17371,192
17372,608
17373,1171
17374,1156
17375,385
17376,250
17377,48
17378,134
17379,1237
17380,1175
17381,759
17382,855
17383,490
17384,288
17385,18
17386,1008
17387,53
17388,158
17389,1189
17390,874
17391,735
17392,328
17393,225
17394,700
17395,538
17396,801
17397,248
17398,347
17399,170
17400,637
17401,415
17402,335
17403,824
17404,746
17405,315
17406,1048
17407,516
17408,512
17409,717
17410,209
17411,630
17412,874
17413,193
17414,847
17415,59
17416,905
17417,54
17418,263
17419,525
17420,922
17421,1078
17422,703
17423,197
17424,581
17425,1180
17426,136
17427,1073
17428,579
17429,6
17430,1042
17431,41
17432,555
17433,293
17434,876
17435,85
17436,137
17437,797
17438,1490
17439,60
17440,691
17441,1204
17442,436
17443,739
17444,1258
17445,1092
17446,440
17447,1126
17448,1013
17449,760
17450,662
17451,1388
17452,1311
17453,1485
17454,1013
17455,539
17456,165
17457,189
17458,1426
17459,545
17460,166
17461,335
17462,32
17463,796
17464,886
17465,568
17466,1116
17467,721
17468,1439
17469,1145
17470,113
17471,411
17472,1131
17473,806
17474,1130
17475,503
17476,58
17477,1177
17478,1177
17479,959
17480,607
17481,13
17482,1092
17483,990
17484,1001
17485,256
17486,1097
17487,1086
17488,1286
17489,851
17490,1097
17491,602
17492,1045
17493,1041
17494,1169
17495,1285
17496,5
17497,1168
17498,1188
17499,818
17500,779
17501,1084
17502,683
17503,621
17504,1205
17505,1183
17506,311
17507,1243
17508,490
17509,206
17510,1317
17511,357
17512,305
17513,405
17514,737
17515,249
17516,240
17517,589
17518,327
17519,290
17520,1368
17521,893
17522,21
17523,153
17524,1221
17525,405
17526,229
17527,998
17528,1257
17529,598
17530,1114
17531,632
17532,164
17533,1197
17534,1378
17535,1476
17536,150
17537,848
17538,935
17539,119
17540,1427
17541,155
17542,403
17543,1452
17544,834
17545,1019
17546,741
17547,1128
17548,123
17549,1013
17550,100
17551,270
17552,759
17553,673
17554,229
17555,1197
17556,453
17557,1299
17558,23
17559,356
17560,445
17561,894
17562,602
17563,236
17564,857
17565,1437
17566,201
17567,379
17568,718
17569,1090
17570,205
17571,347
17572,353
17573,924
17574,124
17575,989
17576,638
17577,493
17578,1293
17579,1228
17580,1204
17581,1328
17582,351
17583,1282
17584,264
17585,496
17586,833
17587,1116
17588,866
17589,839
17590,565
17591,889
17592,713
17593,716
17594,878
17595,900
17596,495
17597,204
17598,450
17599,613
17600,242
17601,267
17602,1426
17603,420
17604,1108
17605,192
17606,1458
17607,319
17608,591
17609,1173
17610,302
17611,825
17612,1178
17613,36
17614,39
17615,1182
17616,394
17617,1364
17618,1391
17619,1320
17620,1495
17621,1234
17622,575
17623,1488
17624,519
17625,880
17626,9
17627,1443
17628,888
17629,1423
17630,529
17631,470
17632,784
17633,1295
17634,823
17635,1188
17636,322
17637,1163
17638,1098
17639,1344
17640,87
17641,576
17642,133
17643,600
17644,1138
17645,960
17646,1129
17647,1106
17648,1488
17649,1319
17650,879
17651,1313
17652,72
17653,1082
17654,783
17655,1435
17656,756
17657,268
17658,1086
17659,1425
17660,25
17661,97
17662,992
17663,833
17664,823
17665,136
17666,858
17667,852
17668,1274
17669,585
17670,522
17671,123
17672,850
17673,972
17674,421
17675,1097
17676,1407
17677,262
17678,859
17679,1041
17680,28
17681,269
17682,594
17683,206
17684,533
17685,221
17686,1345
17687,899
17688,494
17689,1168
17690,28
17691,895
17692,1025
17693,1214
17694,334
17695,887
17696,1151
17697,1196
17698,264
17699,1464
17700,411
17701,587
17702,288
17703,225
17704,383
17705,203
17706,1099
17707,896
17708,585
17709,821
17710,906
17711,277
17712,446
17713,1323
17714,19
17715,1435
17716,1446
17717,380
17718,481
17719,311
17720,841
17721,321
17722,1186
17723,581
17724,1451
17725,1279
17726,602
17727,894
17728,37
17729,102
17730,759
17731,709
17732,598
17733,136
17734,1259
17735,609
17736,705
17737,605
17738,746
17739,972
17740,1146
17741,824
17742,249
17743,1312
17744,427
17745,25
17746,59
17747,1161
17748,581
17749,34
17750,1217
17751,457
17752,1466
17753,1319
17754,73
17755,1035
17756,905
17757,258
17758,515
17759,736
17760,220
17761,1083
17762,416
17763,1406
17764,1202
17765,951
17766,180
17767,37
17768,219
17769,750
17770,1172
17771,230
17772,1061
17773,72
17774,399
17775,898
17776,1242
17777,1165
17778,799
17779,55
17780,440
17781,1175
17782,122
17783,1059
17784,1056
17785,1128
17786,326
17787,367
17788,298
17789,590
17790,786
17791,180
17792,851
17793,359
17794,843
17795,454
17796,1432
17797,479
17798,1307
17799,263
17800,128
17801,283
17802,629
17803,1352
17804,265
17805,1176
17806,1045
17807,517
17808,505
17809,1421
17810,1072
17811,359
17812,1367
17813,610
17814,120
17815,1220
17816,1303
17817,664
17818,1056
17819,352
17820,1275
17821,553
17822,401
17823,751
17824,401
17825,931
17826,1121
17827,609
17828,1175
17829,647
17830,1455
17831,396
17832,1057
17833,803
17834,1415
17835,329
17836,295
17837,1301
17838,1351
17839,1121
17840,712
17841,616
17842,1000
17843,1121
17844,414
17845,11
17846,111
17847,517
17848,1022
17849,661
17850,927
17851,705
17852,378
17853,1123
17854,1085
17855,1444
17856,1238
17857,570
17858,1057
17859,526
17860,1309
17861,916
17862,1252
17863,422
17864,23
17865,212
17866,797
17867,1442
17868,940
17869,1214
17870,704
17871,1437
17872,1411
17873,327
17874,1293
17875,27
17876,889
17877,656
17878,452
17879,1400
17880,993
17881,208
17882,209
17883,176
17884,456
17885,104
17886,397
17887,1147
17888,1310
17889,1179
17890,744
17891,1043
17892,1415
17893,80
17894,1356
17895,1085
17896,580
17897,673
17898,658
17899,237
17900,346
17901,443
17902,9
17903,752
17904,715
17905,495
17906,265
17907,1454
17908,1018
17909,712
17910,1084
17911,558
17912,324
17913,1010
17914,1156
17915,976
17916,850
17917,4
17918,957
17919,928
17920,619
17921,366
17922,1468
17923,563
17924,408
17925,1059
17926,723
17927,836
17928,972
17929,553
17930,229
17931,251
17932,1409
17933,758
17934,626
17935,479
17936,1082
17937,1369
17938,1153
17939,801
17940,713
17941,1299
17942,1284
17943,585
17944,1446
17945,1241
17946,1269
17947,85
17948,195
17949,447
17950,1142
17951,118
17952,125
17953,48
17954,288
17955,1378
17956,1082
17957,1075
17958,439
17959,938
17960,1168
17961,799
17962,1284
17963,854
17964,487
17965,958
17966,1414
17967,1240
17968,748
17969,895
17970,1463
17971,1123
17972,754
17973,422
17974,1358
17975,1465
17976,107
17977,48
17978,173
17979,580
17980,240
17981,1323
17982,1371
17983,271
17984,1243
17985,212
17986,1181
17987,548
17988,61
17989,642
17990,1234
17991,1400
17992,182
17993,1254
17994,440
17995,696
17996,164
17997,1459
17998,1185
17999,963
18000,1090
18001,1310
18002,215
18003,369
18004,56
18005,733
18006,741
18007,45
18008,992
18009,14
18010,1189
18011,1058
18012,1222
18013,178
18014,1305
18015,822
18016,1295
18017,1044
18018,984
18019,49
18020,1038
18021,673
18022,1274
18023,1026
18024,112
18025,1334
18026,95
18027,449
18028,326
18029,1461
18030,230
18031,1266
18032,334
18033,976
18034,136
18035,588
18036,935
18037,1066
18038,1308
18039,1224
18040,778
18041,455
18042,392
18043,1489
18044,912
18045,1363
18046,651
18047,728
18048,1238
18049,1084
18050,301
18051,786
18052,320
18053,1141
18054,45
18055,1240
18056,1393
18057,35
18058,945
18059,119
18060,540
18061,505
18062,780
18063,1376
18064,692
18065,598
18066,140
18067,1331
18068,472
18069,694
18070,139
18071,433
18072,830
18073,1351
18074,494
18075,841
18076,1313
18077,541
18078,442
18079,67
18080,1362
18081,167
18082,323
18083,209
18084,1061
18085,547
18086,1057
18087,911
18088,23
18089,462
18090,7
18091,99
18092,710
18093,397
18094,134
18095,613
18096,678
18097,1488
18098,992
18099,590
18100,710
18101,134
18102,580
18103,872
18104,32
18105,1379
18106,773
18107,1180
18108,414
18109,1254
18110,550
18111,1392
18112,783
18113,955
18114,306
18115,1492
18116,289
18117,50
18118,660
18119,1252
18120,1381
18121,1285
18122,830
18123,1375
18124,738
18125,717
18126,271
18127,1181
18128,474
18129,293
18130,554
18131,905
18132,405
18133,538
18134,495
18135,894
18136,1071
18137,1013
18138,212
18139,521
18140,973
18141,325
18142,105
18143,483
18144,1018
18145,996
18146,195
18147,1015
18148,292
18149,1112
18150,850
18151,190
18152,525
18153,1227
18154,649
18155,1032
18156,1122
18157,46
18158,1397
18159,504
18160,1190
18161,700
18162,865
18163,541
18164,1279
18165,177
18166,1344
18167,311
18168,1324
18169,37
18170,21
18171,140
18172,822
18173,400
18174,897
18175,1230
18176,41
18177,790
18178,1109
18179,637
18180,1387
18181,993
18182,52
18183,812
18184,576
18185,198
18186,1425
18187,334
18188,125
18189,334
18190,1234
18191,900
18192,1230
18193,692
18194,176
18195,581
18196,300
18197,835
18198,404
18199,1455
18200,566
18201,471
18202,1476
18203,780
18204,256
18205,721
18206,382
18207,1075
18208,860
18209,1095
18210,1410
18211,1093
18212,511
18213,303
18214,794
18215,674
18216,470
18217,1216
18218,1364
18219,572
18220,1021
18221,1476
18222,18
18223,547
18224,1107
18225,747
18226,1188
18227,712
18228,97
18229,651
18230,607
18231,1268
18232,221
18233,233
18234,213
18235,851
18236,1493
18237,928
18238,1224
18239,1276
18240,901
18241,914
18242,365
18243,1440
18244,1181
18245,1308
18246,1475
18247,523
18248,216
18249,1289
18250,709
18251,1437
18252,1042
18253,386
18254,532
18255,915
18256,592
18257,423
18258,315
18259,974
18260,53
18261,141
18262,64
18263,1101
18264,44
18265,630
18266,182
18267,881
18268,52
18269,39
18270,617
18271,1043
18272,165
18273,744
18274,1215
18275,938
18276,1125
18277,474
18278,1413
18279,219
18280,908
18281,653
18282,48
18283,1416
18284,1053
18285,342
18286,79
18287,1014
18288,818
18289,75
18290,1479
18291,1077
18292,694
18293,358
18294,407
18295,677
18296,86
18297,552
18298,326
18299,170
18300,189
18301,519
18302,574
18303,525
18304,1035
18305,783
18306,289
18307,1458
18308,1095
18309,705
18310,74
18311,1371
18312,1117
18313,692
18314,243
18315,162
18316,435
18317,345
18318,314
18319,611
18320,70
18321,488
18322,1306
18323,1298
18324,13
18325,1018
18326,1486
18327,867
18328,586
18329,737
18330,320
18331,596
18332,1405
18333,918
18334,646
18335,187
18336,1359
18337,244
18338,1082
18339,455
18340,418
18341,257
18342,563
18343,1015
18344,625
18345,38
18346,396
18347,241
18348,603
18349,1354
18350,1444
18351,1496
18352,169
18353,731
18354,69
18355,743
18356,865
18357,1160
18358,505
18359,55
18360,681
18361,641
18362,936
18363,150
18364,920
18365,601
18366,1108
18367,1475
18368,342
18369,1130
18370,192
18371,1477
18372,721
18373,1119
18374,1166
18375,912
18376,577
18377,1131
18378,714
18379,988
18380,920
18381,696
18382,176
18383,439
18384,1406
18385,780
18386,954
18387,388
18388,1058
18389,730
18390,328
18391,220
18392,593
18393,848
18394,420
18395,368
18396,405
18397,441
18398,1108
18399,749
18400,704
18401,244
18402,817
18403,1443
18404,1118
18405,670
18406,461
18407,529
18408,41
18409,44
18410,1164
18411,1265
18412,1452
18413,939
18414,1393
18415,625
18416,381
18417,369
18418,355
18419,1117
18420,15
18421,1418
18422,1162
18423,571
18424,1053
18425,203
18426,647
18427,164
18428,169
18429,10
18430,1193
18431,1116
18432,1339
18433,1472
18434,1447
18435,1489
18436,24
18437,1176
18438,1085
18439,244
18440,206
18441,1466
18442,1323
18443,492
18444,113
18445,501
18446,8
18447,1031
18448,570
18449,74
18450,1469
18451,1238
18452,1357
18453,1495
18454,22
18455,1162
18456,1181
18457,1172
18458,398
18459,586
18460,1393
18461,99
18462,961
18463,1189
18464,1197
18465,896
18466,1150
18467,1364
18468,1149
18469,174
18470,367
18471,458
18472,515
18473,541
18474,330
18475,1025
18476,166
18477,1181
18478,988
18479,1441
18480,10
18481,443
18482,1347
18483,740
18484,841
18485,44
18486,1143
18487,380
18488,1444
18489,561
18490,283
18491,891
18492,716
18493,706
18494,1424
18495,547
18496,597
18497,936
18498,256
18499,1243
18500,345
18501,363
18502,17
18503,514
18504,874
18505,1057
18506,1347
18507,1167
18508,482
18509,1238
18510,292
18511,314
18512,537
18513,809
18514,305
18515,1350
18516,406
18517,588
18518,907
18519,645
18520,606
18521,1477
18522,654
18523,170
18524,1095
18525,1058
18526,329
18527,1275
18528,588
18529,227
18530,259
18531,1071
18532,324
18533,705
18534,1101
18535,1279
18536,734
18537,1361
18538,454
18539,1308
18540,376
18541,97
18542,1088
18543,1135
18544,1389
18545,1382
18546,154
18547,932
18548,1056
18549,901
18550,29
18551,68
18552,1006
18553,1284
18554,269
18555,70
18556,606
18557,470
18558,1474
18559,1388
18560,837
18561,1424
18562,343
18563,1487
18564,671
18565,715
18566,76
18567,266
18568,292
18569,732
18570,285
18571,154
18572,908
18573,1308
18574,105
18575,841
18576,1440
18577,607
18578,275
18579,120
18580,1404
18581,608
18582,158
18583,1299
18584,1203
18585,1055
18586,127
18587,124
18588,329
18589,240
18590,798
18591,589
18592,1148
18593,152
18594,1092
18595,1401
18596,196
18597,978
18598,764
18599,143
18600,439
18601,1182
18602,1303
18603,553
18604,160
18605,368
18606,1265
18607,855
18608,646
18609,21
18610,1174
18611,698
18612,818
18613,1265
18614,844
18615,1392
18616,839
18617,514
18618,1384
18619,964
18620,1140
18621,341
18622,1006
18623,840
18624,158
18625,381
18626,1367
18627,857
18628,1161
18629,258
18630,327
18631,1411
18632,630
18633,1330
18634,1212
18635,506
18636,1424
18637,1165
18638,192
18639,144
18640,190
18641,1110
18642,215
18643,424
18644,652
18645,204
18646,496
18647,1017
18648,1458
18649,705
18650,1120
18651,795
18652,699
18653,781
18654,1437
18655,90
18656,770
18657,78
18658,1312
18659,902
18660,71
18661,936
18662,654
18663,71
18664,1467
18665,568
18666,36
18667,919
18668,563
18669,985
18670,244
18671,1242
18672,630
18673,631
18674,1205
18675,822
18676,3
18677,868
18678,969
18679,468
18680,271
18681,81
18682,1269
18683,7
18684,875
18685,1254
18686,528
18687,301
18688,1072
18689,945
18690,23
18691,865
18692,1
18693,600
18694,456
18695,1250
18696,1465
18697,1047
18698,1101
18699,35
18700,96
18701,1165
18702,642
18703,760
18704,1038
18705,521
18706,1023
18707,1090
18708,361
18709,1029
18710,254
18711,466
18712,1170
18713,1474
18714,97
18715,973
18716,855
18717,909
18718,1180
18719,105
18720,1109
18721,419
18722,232
18723,671
18724,41
18725,946
18726,848
18727,769
18728,46
18729,1144
18730,53
18731,394
18732,594
18733,1053
18734,612
18735,1225
18736,1401
18737,1147
18738,59
18739,1156
18740,310
18741,1332
18742,1467
18743,127
18744,148
18745,1046
18746,215
18747,1453
18748,810
18749,860
18750,1290
18751,326
18752,834
18753,1498
18754,34
18755,262
18756,219
18757,504
18758,195
18759,258
18760,1279
18761,697
18762,537
18763,628
18764,1455
18765,737
18766,703
18767,1392
18768,56
18769,718
18770,1122
18771,772
18772,1302
18773,1330
18774,505
18775,1226
18776,366
18777,360
18778,1466
18779,20
18780,530
18781,944
18782,620
18783,1267
18784,378
18785,829
18786,188
18787,317
18788,261
18789,1112
18790,304
18791,1004
18792,519
18793,847
18794,1310
18795,1295
18796,17
18797,1176
18798,1433
18799,1002
18800,281
18801,997
18802,954
18803,993
18804,643
18805,788
18806,978
18807,696
18808,1160
18809,1064
18810,455
18811,916
18812,1135
18813,735
18814,1072
18815,190
18816,579
18817,1053
18818,1342
18819,969
18820,995
18821,514
18822,1051
18823,535
18824,79
18825,370
18826,917
18827,1442
18828,744
18829,1290
18830,1167
18831,842
18832,1206
18833,603
18834,664
18835,1105
18836,958
18837,792
18838,650
18839,1463
18840,99
18841,83
18842,719
18843,52
18844,512
18845,853
18846,608
18847,305
18848,427
18849,906
18850,1427
18851,1172
18852,821
18853,208
18854,364
18855,661
18856,370
18857,1033
18858,549
18859,1250
18860,404
18861,745
18862,1071
18863,310
18864,1142
18865,879
18866,971
18867,682
18868,1402
18869,1158
18870,288
18871,833
18872,1355
18873,419
18874,805
18875,1131
18876,410
18877,777
18878,829
18879,267
18880,267
18881,845
18882,269
18883,1422
18884,786
18885,1058
18886,595
18887,448
18888,730
18889,1066
18890,596
18891,424
18892,216
18893,814
18894,1019
18895,790
18896,383
18897,371
18898,566
18899,522
18900,306
18901,1413
18902,495
18903,376
18904,910
18905,1201
18906,697
18907,1001
18908,143
18909,799
18910,100
18911,207
18912,888
18913,307
18914,55
18915,269
18916,1159
18917,880
18918,573
18919,1460
18920,579
18921,1315
18922,518
18923,38
18924,166
18925,411
18926,280
18927,236
18928,575
18929,1463
18930,301
18931,354
18932,1492
18933,302
18934,1245
18935,931
18936,1391
18937,834
18938,890
18939,339
18940,862
18941,1005
18942,1480
18943,146
18944,235
18945,30
18946,1185
18947,124
18948,1373
18949,547
18950,433
18951,1462
18952,1080
18953,821
18954,1333
18955,1132
18956,956
18957,482
18958,1479
18959,1079
18960,1418
18961,1449
18962,824
18963,537
18964,1420
18965,1498
18966,183
18967,957
18968,904
18969,1123
18970,1463
18971,378
18972,1463
18973,964
18974,124
18975,766
18976,201
18977,1434
18978,1145
18979,1357
18980,904
18981,595
18982,643
18983,1420
18984,228
18985,1327
18986,633
18987,885
18988,1000
18989,124
18990,223
18991,242
18992,1168
18993,116
18994,916
18995,162
18996,1151
18997,1465
18998,621
18999,319
19000,667
19001,1036
19002,1091
19003,955
19004,873
19005,947
19006,326
19007,310
19008,1396
19009,869
19010,1291
19011,938
19012,683
19013,856
19014,1037
19015,280
19016,693
19017,1084
19018,131
19019,110
19020,240
19021,887
19022,358
19023,654
19024,201
19025,376
19026,27
19027,1211
19028,700
19029,264
19030,789
19031,1399
19032,1237
19033,1326
19034,609
19035,541
19036,474
19037,458
19038,1379
19039,207
19040,1277
19041,1374
19042,1266
19043,941
19044,1283
19045,48
19046,1226
19047,766
19048,1437
19049,129
19050,1395
19051,861
19052,156
19053,763
19054,56
19055,125
19056,798
19057,1223
19058,163
19059,394
19060,587
19061,812
19062,2
19063,958
19064,747
19065,1443
19066,452
19067,741
19068,123
19069,1376
19070,1250
19071,532
19072,691
19073,1286
19074,443
19075,354
19076,363
19077,1061
19078,317
19079,133
19080,249
19081,1479
19082,1309
19083,1430
19084,416
19085,663
19086,736
19087,786
19088,41
19089,897
19090,59
19091,413
19092,439
19093,1012
19094,1344
19095,1048
19096,653
19097,788
19098,769
19099,222
19100,1436
19101,1378
19102,360
19103,173
19104,248
19105,944
19106,45
19107,155
19108,972
19109,220
19110,104
19111,31
19112,1058
19113,545
19114,427
19115,959
19116,256
19117,782
19118,726
19119,1012
19120,936
19121,1012
19122,320
19123,211
19124,801
19125,86
19126,681
19127,938
19128,1231
19129,980
19130,1492
19131,835
19132,669
19133,369
19134,1010
19135,1216
19136,482
19137,114
19138,16
19139,948
19140,994
19141,181
19142,34
19143,982
19144,597
19145,627
19146,394
19147,1077
19148,1117
19149,79
19150,134
19151,833
19152,905
19153,218
19154,237
19155,1023
19156,682
19157,180
19158,914
19159,111
19160,346
19161,1069
19162,334
19163,96
19164,1440
19165,337
19166,772
19167,1237
19168,1484
19169,1214
19170,510
19171,1281
19172,20
19173,489
19174,299
19175,792
19176,1337
19177,1160
19178,1497
19179,206
19180,1128
19181,1086
19182,685
19183,147
19184,157
19185,1369
19186,443
19187,956
19188,1418
19189,740
19190,315
19191,727
19192,344
19193,272
19194,1216
19195,519
19196,1027
19197,1090
19198,824
19199,811
19200,271
19201,794
19202,1127
19203,293
19204,348
19205,1035
19206,1472
19207,588
19208,1242
19209,274
19210,855
19211,1415
19212,662
19213,760
19214,233
19215,792
19216,878
19217,1472
19218,302
19219,550
19220,971
19221,1414
19222,357
19223,1042
19224,1319
19225,950
19226,640
19227,352
19228,432
19229,78
19230,228
19231,657
19232,211
19233,16
19234,1039
19235,107
19236,212
19237,893
19238,1382
19239,1086
19240,49
19241,252
19242,1110
19243,1099
19244,587
19245,1424
19246,1332
19247,1115
19248,1122
19249,1177
19250,223
19251,1051
19252,1409
19253,337
19254,22
19255,541
19256,405
19257,1423
19258,669
19259,992
19260,1472
19261,1183
19262,1123
19263,1453
19264,1033
19265,347
19266,1090
19267,483
19268,497
19269,967
19270,473
19271,37
19272,1499
19273,857
19274,1005
19275,1213
19276,952
19277,916
19278,1187
19279,443
19280,1242
19281,1086
19282,273
19283,219
19284,1319
19285,1342
19286,1490
19287,152
19288,1343
19289,1295
19290,1151
19291,747
19292,763
19293,643
19294,44
19295,751
19296,356
19297,301
19298,84
19299,687
19300,72
19301,1274
19302,1334
19303,1201
19304,452
19305,245
19306,757
19307,1010
19308,31
19309,1285
19310,658
19311,1229
19312,117
19313,639
19314,688
19315,73
19316,1061
19317,1396
19318,811
19319,594
19320,954
19321,542
19322,540
19323,1139
19324,886
19325,396
19326,611
19327,1252
19328,793
19329,115
19330,1285
19331,1111
19332,401
19333,1448
19334,1427
19335,1493
19336,567
19337,1385
19338,1209
19339,1306
19340,821
19341,419
19342,340
19343,1450
19344,754
19345,1391
19346,832
19347,802
19348,110
19349,603
19350,834
19351,164
19352,243
19353,886
19354,372
19355,1051
19356,691
19357,606
19358,176
19359,609
19360,813
19361,860
19362,406
19363,42
19364,1402
19365,1436
19366,1356
19367,435
19368,904
19369,212
19370,1358
19371,9
19372,706
19373,1285
19374,1088
19375,1294
19376,745
19377,143
19378,12
19379,229
19380,87
19381,672
19382,76
19383,279
19384,629
19385,1103
19386,1011
19387,88
19388,1355
19389,825
19390,523
19391,574
19392,1272
19393,697
19394,369
19395,637
19396,103
19397,230
19398,472
19399,331
19400,524
19401,98
19402,915
19403,173
19404,326
19405,1466
19406,9
19407,420
19408,750
19409,461
19410,481
19411,191
19412,635
19413,1132
19414,882
19415,1386
19416,1049
19417,1184
19418,648
19419,919
19420,867
19421,1220
19422,752
19423,606
19424,106
19425,1289
19426,653
19427,1197
19428,1017
19429,3
19430,977
19431,732
19432,360
19433,397
19434,957
19435,130
19436,909
19437,1269
19438,131
19439,12
19440,91
19441,1095
19442,1271
19443,1482
19444,44
19445,723
19446,73
19447,557
19448,462
19449,909
19450,1363
19451,1207
19452,96
19453,361
19454,413
19455,376
19456,530
19457,911
19458,1109
19459,1409
19460,1054
19461,448
19462,276
19463,565
19464,1199
19465,1490
19466,589
19467,265
19468,8
19469,116
19470,955
19471,885
19472,965
19473,37
19474,656
19475,271
19476,505
19477,933
19478,414
19479,989
19480,434
19481,766
19482,689
19483,576
19484,189
19485,864
19486,1485
19487,965
19488,1118
19489,1205
19490,58
19491,1189
19492,364
19493,997
19494,1475
19495,1341
19496,622
19497,1257
19498,928
19499,200
19500,360
19501,1435
19502,1372
19503,1337
19504,576
19505,482
19506,1209
19507,31
19508,1346
19509,906
19510,949
19511,658
19512,1468
19513,1124
19514,81
19515,787
19516,1289
19517,115
19518,1105
19519,367
19520,760
19521,1323
19522,739
19523,57
19524,32
19525,1105
19526,1396
19527,438
19528,1403
19529,679
19530,89
19531,796
19532,1460
19533,375
19534,1440
19535,978
19536,594
19537,1040
19538,601
19539,128
19540,1306
19541,561
19542,849
19543,1116
19544,125
19545,1082
19546,548
19547,817
19548,686
19549,1166
19550,282
19551,162
19552,617
19553,178
19554,364
19555,986
19556,1228
19557,1040
19558,477
19559,1221
19560,609
19561,272
19562,1134
19563,775
19564,556
19565,991
19566,1087
19567,336
19568,176
19569,775
19570,78
19571,958
19572,660
19573,322
19574,898
19575,563
19576,583
19577,325
19578,1014
19579,1354
19580,928
19581,355
19582,1250
19583,182
19584,435
19585,53
19586,1272
19587,68
19588,819
19589,288
19590,319
19591,912
19592,1205
19593,27
19594,238
19595,430
19596,1415
19597,88
19598,268
19599,606
19600,489
19601,73
19602,810
19603,911
19604,266
19605,1032
19606,86
19607,1097
19608,389
19609,337
19610,295
19611,1302
19612,753
19613,1035
19614,306
19615,85
19616,58
19617,661
19618,490
19619,1151
19620,1182
19621,467
19622,650
19623,572
19624,1012
19625,944
19626,976
19627,84
19628,507
19629,1450
19630,513
19631,262
19632,300
19633,40
19634,1171
19635,8
19636,894
19637,599
19638,142
19639,1326
19640,1113
19641,1229
19642,1405
19643,1368
19644,1051
19645,801
19646,1045
19647,673
19648,272
19649,579
19650,700
19651,70
19652,1271
19653,1364
19654,630
19655,744
19656,1261
19657,683
19658,1032
19659,773
19660,407
19661,1191
19662,289
19663,337
19664,1037
19665,1065
19666,1431
19667,1066
19668,38
19669,1274
19670,621
19671,14
19672,868
19673,256
19674,624
19675,707
19676,112
19677,1275
19678,766
19679,1447
19680,697
19681,892
19682,1218
19683,318
19684,1363
19685,277
19686,1493
19687,959
19688,778
19689,315
19690,854
19691,830
19692,1475
19693,1252
19694,724
19695,585
19696,581
19697,568
19698,21
19699,55
19700,1127
19701,381
19702,617
19703,1047
19704,911
19705,541
19706,1128
19707,238
19708,709
19709,159
19710,797
19711,143
19712,1412
19713,989
19714,368
19715,919
19716,525
19717,778
19718,251
19719,750
19720,161
19721,230
19722,876
19723,751
19724,441
19725,90
19726,635
19727,1388
19728,1062
19729,87
19730,1406
19731,635
19732,864
19733,1
19734,465
19735,1179
19736,496
19737,250
19738,136
19739,1387
19740,1219
19741,66
19742,1387
19743,1231
19744,540
19745,985
19746,387
19747,375
19748,1072
19749,304
19750,533
19751,537
19752,226
19753,1242
19754,1011
19755,1293
19756,786
19757,263
19758,419
19759,530
19760,1413
19761,356
19762,1039
19763,184
19764,1434
19765,970
19766,646
19767,519
19768,532
19769,338
19770,900
19771,1299
19772,362
19773,1122
19774,849
19775,1160
19776,1154
19777,59
19778,32
19779,1372
19780,233
19781,862
19782,1129
19783,756
19784,10
19785,16
19786,1004
19787,1346
19788,515
19789,816
19790,1400
19791,1237
19792,811
19793,983
19794,1441
19795,1195
19796,624
19797,1039
19798,494
19799,1381
19800,141
19801,339
19802,519
19803,303
19804,892
19805,1069
19806,1335
19807,752
19808,932
19809,899
19810,6
19811,1063
19812,35
19813,821
19814,1499
19815,1181
19816,760
19817,478
19818,1255
19819,1288
19820,552
19821,162
19822,873
19823,951
19824,1401
19825,1335
19826,344
19827,379
19828,1495
19829,490
19830,688
19831,458
19832,590
19833,846
19834,439
19835,619
19836,529
19837,162
19838,1180
19839,1337
19840,738
19841,307
19842,964
19843,801
19844,827
19845,892
19846,1077
19847,62
19848,150
19849,144
19850,232
19851,1457
19852,1095
19853,997
19854,1048
19855,51
19856,320
19857,1191
19858,694
19859,763
19860,1125
19861,113
19862,1198
19863,1021
19864,606
19865,749
19866,112
19867,308
19868,370
19869,1316
19870,169
19871,437
19872,198
19873,427
19874,16
19875,409
19876,1085
19877,1151
19878,569
19879,1059
19880,928
19881,1354
19882,1207
19883,344
19884,883
19885,1179
19886,459
19887,859
19888,600
19889,463
19890,299
19891,54
19892,1125
19893,1228
19894,977
19895,362
19896,29
19897,947
19898,300
19899,823
19900,1455
19901,7
19902,866
19903,1491
19904,502
19905,1221
19906,1242
19907,730
19908,460
19909,1020
19910,929
19911,715
19912,289
19913,1117
19914,317
19915,202
19916,101
19917,670
19918,181
19919,503
19920,363
19921,690
19922,1166
19923,676
19924,836
19925,215
19926,170
19927,1464
19928,930
19929,24
19930,848
19931,16
19932,116
19933,560
19934,985
19935,930
19936,1186
19937,270
19938,288
19939,800
19940,1303
19941,1084
19942,1004
19943,141
19944,1317
19945,1476
19946,873
19947,505
19948,994
19949,963
19950,1393
19951,166
19952,773
19953,1064
19954,524
19955,1260
19956,98
19957,158
19958,1186
19959,189
19960,628
19961,422
19962,1032
19963,18
19964,535
19965,1479
19966,553
19967,897
19968,1482
19969,911
19970,1132
19971,1438
19972,926
19973,1248
19974,762
19975,1221
19976,963
19977,509
19978,837
19979,502
19980,596
19981,438
19982,737
19983,520
19984,939
19985,554
19986,737
19987,210
19988,580
19989,534
19990,1441
19991,670
19992,33
19993,464
19994,1094
19995,248
19996,245
19997,560
19998,535
19999,721
20000,52
