payment_method_id,payment_type
1,upi
2,card
3,card
4,card
5,card
6,upi
7,wallet
8,card
9,card
10,upi
11,upi
12,card
13,card
14,wallet
15,card
16,upi
17,upi
18,card
19,upi
20,card
21,card
22,card
23,wallet
24,card
25,card
26,wallet
27,card
28,netbanking
29,upi
30,upi
31,upi
32,upi
33,card
34,wallet
35,wallet
36,netbanking
37,upi
38,upi
39,upi
40,card
41,upi
42,upi
43,upi
44,card
45,upi
46,upi
47,upi
48,wallet
49,upi
50,card
51,card
52,upi
53,upi
54,netbanking
55,card
56,card
57,upi
58,upi
59,wallet
60,netbanking
61,upi
62,netbanking
63,card
64,upi
65,wallet
66,upi
67,wallet
68,card
69,card
70,upi
71,netbanking
72,card
73,netbanking
74,card
75,upi
76,upi
77,card
78,upi
79,upi
80,upi
81,card
82,card
83,wallet
84,upi
85,netbanking
86,upi
87,netbanking
88,card
89,upi
90,upi
91,card
92,card
93,upi
94,netbanking
95,upi
96,card
97,wallet
98,card
99,card
100,wallet
101,upi
102,wallet
103,netbanking
104,upi
105,card
106,card
107,wallet
108,netbanking
109,card
110,card
111,card
112,card
113,netbanking
114,card
115,upi
116,wallet
117,upi
118,upi
119,card
120,card
121,card
122,card
123,card
124,card
125,card
126,card
127,wallet
128,card
129,upi
130,netbanking
131,card
132,upi
133,netbanking
134,upi
135,card
136,upi
137,upi
138,card
139,card
140,card
141,netbanking
142,card
143,card
144,upi
145,wallet
146,card
147,card
148,upi
149,upi
150,upi
151,netbanking
152,card
153,card
154,card
155,card
156,upi
157,upi
158,card
159,upi
160,card
161,upi
162,card
163,upi
164,card
165,wallet
166,netbanking
167,netbanking
168,netbanking
169,card
170,upi
171,card
172,netbanking
173,card
174,card
175,upi
176,card
177,upi
178,card
179,upi
180,netbanking
181,upi
182,card
183,card
184,card
185,card
186,upi
187,card
188,card
189,card
190,wallet
191,card
192,card
193,upi
194,card
195,wallet
196,card
197,upi
198,upi
199,netbanking
200,upi
201,upi
202,upi
203,upi
204,upi
205,upi
206,upi
207,card
208,card
209,card
210,card
211,upi
212,card
213,upi
214,upi
215,upi
216,upi
217,card
218,card
219,upi
220,netbanking
221,upi
222,upi
223,upi
224,upi
225,upi
226,upi
227,card
228,card
229,card
230,upi
231,upi
232,card
233,card
234,upi
235,card
236,netbanking
237,card
238,card
239,upi
240,card
241,card
242,card
243,card
244,card
245,upi
246,card
247,upi
248,card
249,wallet
250,upi
251,wallet
252,netbanking
253,card
254,upi
255,card
256,netbanking
257,upi
258,card
259,netbanking
260,netbanking
261,wallet
262,card
263,card
264,card
265,upi
266,upi
267,card
268,upi
269,card
270,upi
271,netbanking
272,upi
273,card
274,card
275,card
276,upi
277,upi
278,card
279,wallet
280,upi
281,netbanking
282,upi
283,wallet
284,card
285,card
286,netbanking
287,netbanking
288,upi
289,card
290,card
291,upi
292,netbanking
293,card
294,card
295,upi
296,upi
297,upi
298,upi
299,wallet
300,card
301,upi
302,upi
303,upi
304,netbanking
305,upi
306,upi
307,card
308,upi
309,card
310,card
311,upi
312,upi
313,wallet
314,upi
315,netbanking
316,card
317,upi
318,wallet
319,upi
320,netbanking
321,upi
322,card
323,upi
324,card
325,card
326,card
327,card
328,card
329,netbanking
330,upi
331,netbanking
332,upi
333,card
334,card
335,wallet
336,upi
337,wallet
338,card
339,upi
340,upi
341,wallet
342,card
343,wallet
344,upi
345,netbanking
346,upi
347,upi
348,card
349,netbanking
350,card
351,upi
352,upi
353,upi
354,upi
355,upi
356,upi
357,upi
358,upi
359,upi
360,netbanking
361,upi
362,card
363,upi
364,card
365,card
366,upi
367,upi
368,upi
369,wallet
370,card
371,card
372,card
373,card
374,upi
375,upi
376,upi
377,card
378,upi
379,card
380,upi
381,upi
382,card
383,netbanking
384,upi
385,card
386,upi
387,upi
388,card
389,card
390,upi
391,wallet
392,upi
393,upi
394,upi
395,upi
396,card
397,upi
398,netbanking
399,netbanking
400,wallet
401,card
402,upi
403,upi
404,card
405,card
406,upi
407,upi
408,upi
409,card
410,upi
411,card
412,card
413,upi
414,card
415,wallet
416,upi
417,card
418,card
419,upi
420,card
421,card
422,upi
423,card
424,upi
425,upi
426,card
427,upi
428,upi
429,upi
430,card
431,upi
432,card
433,upi
434,card
435,wallet
436,card
437,netbanking
438,netbanking
439,upi
440,card
441,upi
442,wallet
443,upi
444,upi
445,card
446,netbanking
447,card
448,card
449,card
450,upi
451,netbanking
452,upi
453,card
454,card
455,upi
456,upi
457,card
458,upi
459,upi
460,wallet
461,upi
462,card
463,upi
464,card
465,netbanking
466,upi
467,card
468,upi
469,card
470,card
471,upi
472,upi
473,netbanking
474,upi
475,card
476,upi
477,upi
478,card
479,netbanking
480,wallet
481,card
482,upi
483,upi
484,card
485,upi
486,card
487,card
488,wallet
489,upi
490,card
491,upi
492,wallet
493,upi
494,netbanking
495,netbanking
496,card
497,upi
498,upi
499,upi
500,card
501,card
502,card
503,upi
504,upi
505,upi
506,upi
507,card
508,card
509,upi
510,upi
511,upi
512,card
513,upi
514,netbanking
515,card
516,card
517,upi
518,upi
519,wallet
520,netbanking
521,upi
522,card
523,upi
524,netbanking
525,upi
526,wallet
527,upi
528,card
529,upi
530,upi
531,card
532,card
533,upi
534,card
535,card
536,upi
537,upi
538,upi
539,wallet
540,wallet
541,upi
542,card
543,upi
544,card
545,netbanking
546,upi
547,upi
548,upi
549,upi
550,wallet
551,card
552,wallet
553,card
554,upi
555,netbanking
556,upi
557,card
558,netbanking
559,netbanking
560,card
561,upi
562,netbanking
563,card
564,upi
565,upi
566,card
567,netbanking
568,card
569,wallet
570,upi
571,upi
572,upi
573,upi
574,netbanking
575,upi
576,upi
577,upi
578,card
579,card
580,upi
581,upi
582,upi
583,upi
584,upi
585,upi
586,upi
587,wallet
588,card
589,upi
590,card
591,netbanking
592,upi
593,upi
594,netbanking
595,upi
596,card
597,upi
598,card
599,netbanking
600,upi
601,upi
602,netbanking
603,upi
604,upi
605,card
606,card
607,wallet
608,wallet
609,upi
610,card
611,card
612,netbanking
613,card
614,upi
615,card
616,card
617,upi
618,wallet
619,upi
620,upi
621,upi
622,netbanking
623,upi
624,upi
625,upi
626,card
627,card
628,netbanking
629,upi
630,card
631,card
632,wallet
633,upi
634,upi
635,card
636,wallet
637,netbanking
638,upi
639,card
640,upi
641,netbanking
642,upi
643,wallet
644,upi
645,card
646,upi
647,netbanking
648,card
649,card
650,upi
651,upi
652,netbanking
653,card
654,card
655,card
656,upi
657,upi
658,upi
659,upi
660,card
661,upi
662,wallet
663,upi
664,card
665,upi
666,card
667,card
668,card
669,card
670,card
671,upi
672,card
673,upi
674,wallet
675,upi
676,upi
677,upi
678,card
679,upi
680,upi
681,netbanking
682,netbanking
683,netbanking
684,upi
685,upi
686,netbanking
687,netbanking
688,upi
689,wallet
690,netbanking
691,upi
692,card
693,card
694,upi
695,card
696,upi
697,upi
698,netbanking
699,netbanking
700,upi
701,upi
702,card
703,upi
704,card
705,upi
706,wallet
707,upi
708,upi
709,upi
710,netbanking
711,upi
712,upi
713,card
714,upi
715,card
716,upi
717,upi
718,card
719,upi
720,card
721,card
722,card
723,card
724,wallet
725,wallet
726,upi
727,upi
728,upi
729,netbanking
730,upi
731,card
732,upi
733,wallet
734,card
735,upi
736,card
737,upi
738,upi
739,card
740,wallet
741,upi
742,card
743,netbanking
744,upi
745,upi
746,upi
747,netbanking
748,upi
749,card
750,card
751,card
752,upi
753,card
754,upi
755,upi
756,netbanking
757,upi
758,wallet
759,netbanking
760,card
761,upi
762,card
763,netbanking
764,upi
765,card
766,card
767,upi
768,netbanking
769,upi
770,card
771,card
772,upi
773,upi
774,card
775,card
776,netbanking
777,upi
778,upi
779,upi
780,upi
781,upi
782,card
783,card
784,wallet
785,netbanking
786,upi
787,card
788,card
789,card
790,wallet
791,netbanking
792,upi
793,wallet
794,card
795,upi
796,card
797,card
798,wallet
799,netbanking
800,card
801,card
802,upi
803,card
804,upi
805,upi
806,card
807,card
808,card
809,wallet
810,upi
811,upi
812,card
813,upi
814,card
815,card
816,upi
817,upi
818,card
819,card
820,wallet
821,card
822,card
823,upi
824,card
825,upi
826,upi
827,upi
828,upi
829,upi
830,upi
831,card
832,card
833,upi
834,card
835,card
836,card
837,upi
838,card
839,upi
840,upi
841,upi
842,card
843,netbanking
844,card
845,netbanking
846,upi
847,card
848,upi
849,upi
850,upi
851,upi
852,upi
853,upi
854,netbanking
855,card
856,upi
857,upi
858,upi
859,upi
860,upi
861,upi
862,card
863,card
864,upi
865,card
866,card
867,card
868,upi
869,wallet
870,upi
871,card
872,netbanking
873,card
874,wallet
875,upi
876,card
877,upi
878,card
879,upi
880,card
881,netbanking
882,upi
883,netbanking
884,netbanking
885,card
886,upi
887,netbanking
888,card
889,card
890,card
891,card
892,netbanking
893,upi
894,upi
895,wallet
896,card
897,upi
898,card
899,card
900,card
901,card
902,upi
903,upi
904,card
905,card
906,upi
907,card
908,netbanking
909,wallet
910,upi
911,upi
912,upi
913,upi
914,wallet
915,wallet
916,upi
917,upi
918,netbanking
919,card
920,upi
921,upi
922,upi
923,card
924,card
925,card
926,upi
927,netbanking
928,netbanking
929,card
930,card
931,upi
932,upi
933,upi
934,upi
935,card
936,upi
937,upi
938,card
939,netbanking
940,upi
941,wallet
942,upi
943,upi
944,wallet
945,wallet
946,wallet
947,netbanking
948,upi
949,card
950,upi
951,wallet
952,card
953,upi
954,wallet
955,wallet
956,wallet
957,upi
958,upi
959,wallet
960,card
961,card
962,wallet
963,upi
964,upi
965,card
966,upi
967,wallet
968,upi
969,upi
970,upi
971,netbanking
972,netbanking
973,upi
974,upi
975,card
976,upi
977,card
978,upi
979,upi
980,card
981,card
982,card
983,card
984,upi
985,card
986,card
987,wallet
988,card
989,netbanking
990,upi
991,upi
992,upi
993,card
994,netbanking
995,netbanking
996,card
997,upi
998,upi
999,netbanking
1000,netbanking
1001,card
1002,netbanking
1003,wallet
1004,upi
1005,card
1006,netbanking
1007,upi
1008,card
1009,netbanking
1010,upi
1011,netbanking
1012,upi
1013,card
1014,wallet
1015,upi
1016,upi
1017,upi
1018,card
1019,upi
1020,upi
1021,wallet
1022,wallet
1023,upi
1024,card
1025,upi
1026,card
1027,netbanking
1028,upi
1029,wallet
1030,card
1031,card
1032,wallet
1033,upi
1034,netbanking
1035,netbanking
1036,upi
1037,upi
1038,upi
1039,netbanking
1040,wallet
1041,card
1042,upi
1043,card
1044,upi
1045,netbanking
1046,netbanking
1047,upi
1048,card
1049,card
1050,card
1051,card
1052,netbanking
1053,upi
1054,card
1055,upi
1056,card
1057,card
1058,wallet
1059,card
1060,upi
1061,upi
1062,card
1063,card
1064,card
1065,card
1066,netbanking
1067,upi
1068,upi
1069,upi
1070,wallet
1071,card
1072,netbanking
1073,card
1074,wallet
1075,card
1076,card
1077,upi
1078,card
1079,upi
1080,upi
1081,upi
1082,card
1083,upi
1084,card
1085,wallet
1086,upi
1087,upi
1088,netbanking
1089,upi
1090,upi
1091,card
1092,upi
1093,card
1094,card
1095,netbanking
1096,card
1097,upi
1098,card
1099,upi
1100,netbanking
1101,card
1102,upi
1103,upi
1104,netbanking
1105,card
1106,upi
1107,upi
1108,upi
1109,card
1110,upi
1111,upi
1112,card
1113,upi
1114,upi
1115,upi
1116,card
1117,card
1118,upi
1119,upi
1120,netbanking
1121,upi
1122,upi
1123,card
1124,wallet
1125,card
1126,card
1127,card
1128,card
1129,upi
1130,card
1131,card
1132,card
1133,wallet
1134,upi
1135,wallet
1136,netbanking
1137,netbanking
1138,upi
1139,card
1140,card
1141,card
1142,upi
1143,card
1144,card
1145,upi
1146,card
1147,card
1148,card
1149,upi
1150,card
1151,card
1152,card
1153,upi
1154,card
1155,card
1156,netbanking
1157,netbanking
1158,card
1159,card
1160,card
1161,upi
1162,card
1163,wallet
1164,netbanking
1165,upi
1166,card
1167,netbanking
1168,upi
1169,upi
1170,card
1171,upi
1172,netbanking
1173,wallet
1174,upi
1175,upi
1176,upi
1177,upi
1178,wallet
1179,upi
1180,card
1181,card
1182,upi
1183,netbanking
1184,card
1185,upi
1186,wallet
1187,upi
1188,card
1189,card
1190,upi
1191,card
1192,upi
1193,upi
1194,upi
1195,upi
1196,card
1197,card
1198,card
1199,card
1200,upi
1201,card
1202,upi
1203,card
1204,card
1205,card
1206,upi
1207,upi
1208,netbanking
1209,card
1210,upi
1211,upi
1212,card
1213,card
1214,card
1215,card
1216,netbanking
1217,card
1218,upi
1219,upi
1220,card
1221,upi
1222,card
1223,upi
1224,card
1225,card
1226,card
1227,upi
1228,upi
1229,upi
1230,card
1231,wallet
1232,card
1233,netbanking
1234,upi
1235,upi
1236,upi
1237,upi
1238,upi
1239,card
1240,upi
1241,card
1242,upi
1243,upi
1244,netbanking
1245,upi
1246,card
1247,upi
1248,card
1249,upi
1250,upi
1251,upi
1252,card
1253,card
1254,upi
1255,card
1256,card
1257,card
1258,upi
1259,card
1260,upi
1261,netbanking
1262,upi
1263,card
1264,card
1265,card
1266,upi
1267,upi
1268,card
1269,card
1270,card
1271,card
1272,wallet
1273,card
1274,card
1275,card
1276,card
1277,card
1278,upi
1279,card
1280,card
1281,upi
1282,upi
1283,card
1284,netbanking
1285,card
1286,wallet
1287,wallet
1288,upi
1289,card
1290,netbanking
1291,card
1292,card
1293,upi
1294,upi
1295,netbanking
1296,upi
1297,netbanking
1298,upi
1299,upi
1300,upi
1301,wallet
1302,wallet
1303,netbanking
1304,upi
1305,upi
1306,card
1307,netbanking
1308,card
1309,card
1310,upi
1311,upi
1312,upi
1313,card
1314,card
1315,card
1316,card
1317,card
1318,upi
1319,card
1320,card
1321,card
1322,upi
1323,netbanking
1324,card
1325,card
1326,upi
1327,card
1328,netbanking
1329,wallet
1330,upi
1331,wallet
1332,upi
1333,upi
1334,card
1335,card
1336,card
1337,upi
1338,upi
1339,card
1340,upi
1341,card
1342,card
1343,card
1344,upi
1345,upi
1346,upi
1347,card
1348,upi
1349,wallet
1350,card
1351,upi
1352,card
1353,card
1354,upi
1355,card
1356,upi
1357,wallet
1358,card
1359,card
1360,netbanking
1361,upi
1362,netbanking
1363,card
1364,upi
1365,wallet
1366,card
1367,netbanking
1368,upi
1369,netbanking
1370,card
1371,upi
1372,card
1373,wallet
1374,card
1375,card
1376,netbanking
1377,card
1378,upi
1379,card
1380,upi
1381,card
1382,upi
1383,upi
1384,card
1385,card
1386,card
1387,upi
1388,card
1389,card
1390,card
1391,upi
1392,upi
1393,upi
1394,netbanking
1395,upi
1396,netbanking
1397,upi
1398,card
1399,wallet
1400,upi
1401,upi
1402,card
1403,card
1404,upi
1405,upi
1406,upi
1407,card
1408,upi
1409,card
1410,card
1411,card
1412,netbanking
1413,upi
1414,wallet
1415,upi
1416,upi
1417,upi
1418,netbanking
1419,wallet
1420,upi
1421,card
1422,upi
1423,card
1424,card
1425,upi
1426,netbanking
1427,card
1428,card
1429,netbanking
1430,card
1431,card
1432,upi
1433,netbanking
1434,upi
1435,upi
1436,card
1437,card
1438,upi
1439,netbanking
1440,card
1441,card
1442,card
1443,card
1444,card
1445,card
1446,upi
1447,card
1448,upi
1449,upi
1450,netbanking
1451,wallet
1452,card
1453,card
1454,upi
1455,card
1456,card
1457,card
1458,netbanking
1459,card
1460,upi
1461,upi
1462,upi
1463,card
1464,netbanking
1465,upi
1466,upi
1467,card
1468,netbanking
1469,upi
1470,upi
1471,card
1472,card
1473,card
1474,card
1475,card
1476,card
1477,netbanking
1478,upi
1479,netbanking
1480,upi
1481,upi
1482,card
1483,upi
1484,card
1485,upi
1486,wallet
1487,netbanking
1488,card
1489,upi
1490,card
1491,card
1492,card
1493,card
1494,upi
1495,card
1496,card
1497,wallet
1498,upi
1499,upi
1500,upi
1501,upi
1502,upi
1503,upi
1504,netbanking
1505,card
1506,upi
1507,card
1508,netbanking
1509,card
1510,card
1511,wallet
1512,upi
1513,card
1514,card
1515,card
1516,wallet
1517,upi
1518,card
1519,upi
1520,upi
1521,card
1522,netbanking
1523,card
1524,netbanking
1525,upi
1526,card
1527,upi
1528,upi
1529,upi
1530,upi
1531,card
1532,card
1533,upi
1534,card
1535,card
1536,upi
1537,card
1538,upi
1539,netbanking
1540,netbanking
1541,card
1542,upi
1543,netbanking
1544,card
1545,upi
1546,upi
1547,card
1548,card
1549,upi
1550,card
1551,netbanking
1552,upi
1553,card
1554,upi
1555,upi
1556,card
1557,wallet
1558,upi
1559,upi
1560,netbanking
1561,upi
1562,upi
1563,card
1564,card
1565,upi
1566,upi
1567,upi
1568,upi
1569,upi
1570,netbanking
1571,wallet
1572,card
1573,netbanking
1574,netbanking
1575,card
1576,card
1577,card
1578,upi
1579,upi
1580,upi
1581,upi
1582,card
1583,upi
1584,netbanking
1585,wallet
1586,upi
1587,card
1588,card
1589,card
1590,upi
1591,card
1592,netbanking
1593,upi
1594,upi
1595,card
1596,upi
1597,upi
1598,upi
1599,card
1600,netbanking
1601,card
1602,card
1603,wallet
1604,card
1605,card
1606,upi
1607,upi
1608,card
1609,card
1610,card
1611,upi
1612,card
1613,upi
1614,netbanking
1615,card
1616,card
1617,card
1618,card
1619,card
1620,upi
1621,card
1622,upi
1623,upi
1624,netbanking
1625,card
1626,card
1627,wallet
1628,card
1629,upi
1630,upi
1631,upi
1632,card
1633,card
1634,upi
1635,upi
1636,upi
1637,upi
1638,netbanking
1639,wallet
1640,upi
1641,card
1642,upi
1643,upi
1644,upi
1645,card
1646,upi
1647,card
1648,card
1649,netbanking
1650,upi
1651,upi
1652,upi
1653,upi
1654,card
1655,upi
1656,card
1657,upi
1658,card
1659,wallet
1660,upi
1661,upi
1662,card
1663,upi
1664,upi
1665,upi
1666,upi
1667,netbanking
1668,upi
1669,upi
1670,upi
1671,upi
1672,upi
1673,upi
1674,card
1675,card
1676,card
1677,wallet
1678,upi
1679,card
1680,upi
1681,upi
1682,netbanking
1683,wallet
1684,netbanking
1685,netbanking
1686,card
1687,card
1688,upi
1689,upi
1690,card
1691,upi
1692,card
1693,card
1694,card
1695,netbanking
1696,upi
1697,upi
1698,netbanking
1699,netbanking
1700,upi
1701,upi
1702,card
1703,upi
1704,card
1705,upi
1706,upi
1707,card
1708,upi
1709,upi
1710,upi
1711,card
1712,card
1713,card
1714,netbanking
1715,netbanking
1716,card
1717,upi
1718,upi
1719,wallet
1720,card
1721,upi
1722,upi
1723,card
1724,card
1725,card
1726,upi
1727,upi
1728,upi
1729,card
1730,netbanking
1731,card
1732,wallet
1733,card
1734,netbanking
1735,netbanking
1736,netbanking
1737,netbanking
1738,card
1739,upi
1740,upi
1741,upi
1742,wallet
1743,card
1744,upi
1745,netbanking
1746,card
1747,card
1748,card
1749,upi
1750,netbanking
1751,card
1752,upi
1753,upi
1754,upi
1755,upi
1756,wallet
1757,card
1758,card
1759,upi
1760,upi
1761,upi
1762,card
1763,card
1764,wallet
1765,card
1766,upi
1767,upi
1768,card
1769,card
1770,card
1771,upi
1772,card
1773,upi
1774,card
1775,card
1776,card
1777,card
1778,card
1779,wallet
1780,card
1781,upi
1782,upi
1783,upi
1784,upi
1785,card
1786,upi
1787,card
1788,upi
1789,card
1790,upi
1791,upi
1792,upi
1793,card
1794,upi
1795,upi
1796,upi
1797,card
1798,card
1799,card
1800,upi
1801,upi
1802,upi
1803,upi
1804,upi
1805,upi
1806,upi
1807,upi
1808,card
1809,netbanking
1810,wallet
1811,upi
1812,wallet
1813,wallet
1814,upi
1815,upi
1816,upi
1817,card
1818,card
1819,upi
1820,upi
1821,card
1822,upi
1823,upi
1824,upi
1825,card
1826,upi
1827,card
1828,card
1829,card
1830,card
1831,card
1832,upi
1833,upi
1834,card
1835,netbanking
1836,upi
1837,wallet
1838,upi
1839,card
1840,netbanking
1841,netbanking
1842,upi
1843,upi
1844,upi
1845,upi
1846,upi
1847,upi
1848,card
1849,card
1850,card
1851,card
1852,card
1853,netbanking
1854,card
1855,card
1856,card
1857,upi
1858,upi
1859,upi
1860,wallet
1861,wallet
1862,netbanking
1863,netbanking
1864,card
1865,upi
1866,card
1867,upi
1868,card
1869,card
1870,card
1871,upi
1872,upi
1873,card
1874,upi
1875,card
1876,upi
1877,card
1878,card
1879,upi
1880,upi
1881,netbanking
1882,upi
1883,wallet
1884,card
1885,upi
1886,wallet
1887,card
1888,upi
1889,card
1890,upi
1891,card
1892,upi
1893,upi
1894,card
1895,card
1896,card
1897,card
1898,upi
1899,wallet
1900,card
1901,upi
1902,upi
1903,card
1904,card
1905,upi
1906,upi
1907,netbanking
1908,upi
1909,upi
1910,netbanking
1911,netbanking
1912,wallet
1913,card
1914,wallet
1915,netbanking
1916,upi
1917,upi
1918,wallet
1919,upi
1920,upi
1921,upi
1922,upi
1923,upi
1924,card
1925,card
1926,upi
1927,upi
1928,upi
1929,netbanking
1930,upi
1931,upi
1932,card
1933,upi
1934,netbanking
1935,upi
1936,netbanking
1937,wallet
1938,card
1939,upi
1940,upi
1941,upi
1942,card
1943,card
1944,card
1945,upi
1946,card
1947,upi
1948,upi
1949,upi
1950,netbanking
1951,upi
1952,card
1953,wallet
1954,netbanking
1955,upi
1956,upi
1957,card
1958,upi
1959,card
1960,upi
1961,card
1962,upi
1963,card
1964,card
1965,card
1966,upi
1967,card
1968,upi
1969,card
1970,upi
1971,card
1972,wallet
1973,card
1974,card
1975,card
1976,card
1977,upi
1978,card
1979,netbanking
1980,upi
1981,card
1982,upi
1983,card
1984,card
1985,card
1986,card
1987,card
1988,wallet
1989,upi
1990,wallet
1991,card
1992,netbanking
1993,card
1994,card
1995,netbanking
1996,card
1997,upi
1998,netbanking
1999,upi
2000,upi
2001,card
2002,card
2003,wallet
2004,card
2005,card
2006,card
2007,netbanking
2008,upi
2009,upi
2010,wallet
2011,card
2012,netbanking
2013,card
2014,upi
2015,card
2016,wallet
2017,netbanking
2018,upi
2019,card
2020,card
2021,upi
2022,card
2023,card
2024,upi
2025,upi
2026,netbanking
2027,upi
2028,card
2029,upi
2030,card
2031,upi
2032,upi
2033,card
2034,card
2035,netbanking
2036,upi
2037,upi
2038,upi
2039,upi
2040,card
2041,netbanking
2042,wallet
2043,card
2044,card
2045,upi
2046,upi
2047,upi
2048,upi
2049,upi
2050,upi
2051,card
2052,card
2053,upi
2054,wallet
2055,upi
2056,card
2057,netbanking
2058,upi
2059,upi
2060,card
2061,upi
2062,upi
2063,upi
2064,card
2065,upi
2066,card
2067,wallet
2068,card
2069,upi
2070,upi
2071,card
2072,card
2073,card
2074,upi
2075,wallet
2076,upi
2077,wallet
2078,card
2079,upi
2080,netbanking
2081,netbanking
2082,card
2083,upi
2084,netbanking
2085,upi
2086,upi
2087,card
2088,card
2089,upi
2090,upi
2091,card
2092,card
2093,upi
2094,upi
2095,upi
2096,upi
2097,card
2098,netbanking
2099,upi
2100,card
2101,upi
2102,upi
2103,upi
2104,upi
2105,upi
2106,upi
2107,card
2108,card
2109,card
2110,upi
2111,upi
2112,upi
2113,card
2114,upi
2115,card
2116,upi
2117,upi
2118,card
2119,card
2120,upi
2121,upi
2122,card
2123,wallet
2124,wallet
2125,netbanking
2126,card
2127,upi
2128,card
2129,netbanking
2130,upi
2131,card
2132,card
2133,netbanking
2134,netbanking
2135,upi
2136,upi
2137,upi
2138,netbanking
2139,upi
2140,upi
2141,upi
2142,netbanking
2143,card
2144,upi
2145,card
2146,upi
2147,upi
2148,card
2149,upi
2150,card
2151,netbanking
2152,netbanking
2153,upi
2154,upi
2155,card
2156,netbanking
2157,upi
2158,card
2159,wallet
2160,card
2161,upi
2162,card
2163,upi
2164,card
2165,card
2166,upi
2167,wallet
2168,card
2169,upi
2170,upi
2171,netbanking
2172,card
2173,upi
2174,wallet
2175,card
2176,upi
2177,netbanking
2178,card
2179,upi
2180,card
2181,netbanking
2182,wallet
2183,upi
2184,upi
2185,upi
2186,card
2187,card
2188,card
2189,card
2190,upi
2191,card
2192,card
2193,upi
2194,card
2195,card
2196,card
2197,card
2198,upi
2199,upi
2200,netbanking
2201,upi
2202,upi
2203,netbanking
2204,upi
2205,upi
2206,upi
2207,card
2208,card
2209,card
2210,upi
2211,card
2212,upi
2213,netbanking
2214,upi
2215,card
2216,upi
2217,card
2218,wallet
2219,upi
2220,upi
2221,upi
2222,upi
2223,upi
2224,card
2225,card
2226,card
2227,upi
2228,netbanking
2229,upi
2230,upi
2231,wallet
2232,card
2233,card
2234,netbanking
2235,netbanking
2236,upi
2237,card
2238,wallet
2239,upi
2240,upi
2241,card
2242,upi
2243,netbanking
2244,netbanking
2245,upi
2246,upi
2247,upi
2248,upi
2249,upi
2250,card
2251,card
2252,upi
2253,card
2254,card
2255,netbanking
2256,upi
2257,card
2258,card
2259,upi
2260,upi
2261,upi
2262,upi
2263,card
2264,upi
2265,card
2266,upi
2267,card
2268,card
2269,card
2270,netbanking
2271,card
2272,card
2273,card
2274,upi
2275,upi
2276,wallet
2277,upi
2278,upi
2279,upi
2280,card
2281,wallet
2282,wallet
2283,card
2284,upi
2285,card
2286,upi
2287,upi
2288,wallet
2289,card
2290,upi
2291,upi
2292,card
2293,upi
2294,upi
2295,upi
2296,wallet
2297,card
2298,card
2299,card
2300,card
2301,upi
2302,netbanking
2303,upi
2304,upi
2305,card
2306,card
2307,netbanking
2308,upi
2309,card
2310,netbanking
2311,upi
2312,card
2313,upi
2314,upi
2315,card
2316,netbanking
2317,upi
2318,upi
2319,netbanking
2320,upi
2321,upi
2322,card
2323,card
2324,upi
2325,card
2326,upi
2327,card
2328,card
2329,upi
2330,card
2331,upi
2332,upi
2333,card
2334,card
2335,upi
2336,card
2337,upi
2338,upi
2339,upi
2340,upi
2341,wallet
2342,card
2343,netbanking
2344,netbanking
2345,upi
2346,card
2347,card
2348,wallet
2349,card
2350,netbanking
2351,upi
2352,upi
2353,upi
2354,card
2355,upi
2356,wallet
2357,card
2358,wallet
2359,wallet
2360,card
2361,upi
2362,card
2363,upi
2364,wallet
2365,netbanking
2366,wallet
2367,card
2368,upi
2369,card
2370,netbanking
2371,card
2372,card
2373,card
2374,card
2375,card
2376,card
2377,netbanking
2378,upi
2379,card
2380,upi
2381,upi
2382,upi
2383,card
2384,upi
2385,upi
2386,card
2387,upi
2388,upi
2389,upi
2390,card
2391,upi
2392,upi
2393,card
2394,card
2395,card
2396,card
2397,card
2398,card
2399,upi
2400,upi
2401,upi
2402,upi
2403,upi
2404,wallet
2405,upi
2406,upi
2407,card
2408,upi
2409,upi
2410,upi
2411,upi
2412,netbanking
2413,wallet
2414,upi
2415,wallet
2416,netbanking
2417,card
2418,upi
2419,card
2420,card
2421,card
2422,upi
2423,card
2424,card
2425,card
2426,upi
2427,netbanking
2428,wallet
2429,upi
2430,card
2431,netbanking
2432,card
2433,wallet
2434,upi
2435,upi
2436,card
2437,card
2438,upi
2439,upi
2440,netbanking
2441,upi
2442,upi
2443,card
2444,upi
2445,card
2446,upi
2447,upi
2448,netbanking
2449,upi
2450,card
2451,netbanking
2452,upi
2453,upi
2454,upi
2455,netbanking
2456,card
2457,upi
2458,upi
2459,card
2460,netbanking
2461,card
2462,card
2463,card
2464,netbanking
2465,upi
2466,card
2467,card
2468,card
2469,card
2470,upi
2471,card
2472,card
2473,card
2474,upi
2475,upi
2476,upi
2477,upi
2478,wallet
2479,upi
2480,netbanking
2481,upi
2482,card
2483,netbanking
2484,upi
2485,upi
2486,card
2487,upi
2488,netbanking
2489,card
2490,card
2491,card
2492,upi
2493,netbanking
2494,upi
2495,netbanking
2496,upi
2497,upi
2498,card
2499,card
2500,upi
2501,card
2502,card
2503,netbanking
2504,upi
2505,card
2506,upi
2507,upi
2508,netbanking
2509,upi
2510,card
2511,card
2512,card
2513,upi
2514,upi
2515,upi
2516,upi
2517,card
2518,card
2519,card
2520,upi
2521,upi
2522,wallet
2523,card
2524,upi
2525,card
2526,upi
2527,card
2528,upi
2529,card
2530,card
2531,upi
2532,card
2533,upi
2534,card
2535,wallet
2536,card
2537,upi
2538,netbanking
2539,upi
2540,card
2541,upi
2542,card
2543,upi
2544,upi
2545,upi
2546,netbanking
2547,card
2548,card
2549,upi
2550,upi
2551,card
2552,upi
2553,upi
2554,wallet
2555,upi
2556,card
2557,card
2558,upi
2559,card
2560,card
2561,card
2562,upi
2563,wallet
2564,card
2565,card
2566,upi
2567,card
2568,wallet
2569,upi
2570,upi
2571,netbanking
2572,upi
2573,card
2574,upi
2575,upi
2576,upi
2577,wallet
2578,card
2579,upi
2580,card
2581,card
2582,upi
2583,upi
2584,upi
2585,card
2586,card
2587,upi
2588,upi
2589,upi
2590,upi
2591,netbanking
2592,upi
2593,card
2594,upi
2595,upi
2596,wallet
2597,upi
2598,upi
2599,upi
2600,upi
2601,netbanking
2602,netbanking
2603,card
2604,card
2605,upi
2606,upi
2607,netbanking
2608,card
2609,netbanking
2610,upi
2611,card
2612,card
2613,upi
2614,card
2615,upi
2616,upi
2617,upi
2618,card
2619,wallet
2620,upi
2621,upi
2622,upi
2623,upi
2624,wallet
2625,upi
2626,upi
2627,card
2628,card
2629,upi
2630,card
2631,upi
2632,wallet
2633,upi
2634,card
2635,upi
2636,card
2637,upi
2638,upi
2639,upi
2640,upi
2641,upi
2642,card
2643,card
2644,upi
2645,netbanking
2646,card
2647,card
2648,card
2649,upi
2650,card
2651,upi
2652,card
2653,upi
2654,card
2655,upi
2656,card
2657,upi
2658,wallet
2659,card
2660,wallet
2661,card
2662,upi
2663,upi
2664,card
2665,upi
2666,card
2667,upi
2668,upi
2669,netbanking
2670,card
2671,wallet
2672,card
2673,upi
2674,card
2675,card
2676,card
2677,upi
2678,card
2679,upi
2680,wallet
2681,card
2682,card
2683,card
2684,card
2685,upi
2686,upi
2687,card
2688,card
2689,upi
2690,card
2691,upi
2692,wallet
2693,card
2694,upi
2695,netbanking
2696,upi
2697,upi
2698,upi
2699,upi
2700,upi
2701,upi
2702,upi
2703,upi
2704,upi
2705,netbanking
2706,card
2707,card
2708,card
2709,card
2710,upi
2711,card
2712,upi
2713,upi
2714,card
2715,card
2716,upi
2717,upi
2718,upi
2719,card
2720,card
2721,card
2722,card
2723,wallet
2724,card
2725,card
2726,netbanking
2727,upi
2728,upi
2729,upi
2730,wallet
2731,card
2732,card
2733,netbanking
2734,upi
2735,wallet
2736,card
2737,wallet
2738,card
2739,upi
2740,netbanking
2741,card
2742,card
2743,upi
2744,netbanking
2745,card
2746,netbanking
2747,card
2748,upi
2749,card
2750,netbanking
2751,card
2752,upi
2753,card
2754,wallet
2755,upi
2756,card
2757,card
2758,upi
2759,upi
2760,netbanking
2761,upi
2762,upi
2763,upi
2764,upi
2765,card
2766,card
2767,card
2768,upi
2769,card
2770,upi
2771,card
2772,upi
2773,card
2774,upi
2775,card
2776,card
2777,card
2778,upi
2779,upi
2780,card
2781,upi
2782,upi
2783,upi
2784,upi
2785,card
2786,upi
2787,upi
2788,upi
2789,card
2790,upi
2791,card
2792,upi
2793,card
2794,card
2795,upi
2796,netbanking
2797,card
2798,upi
2799,upi
2800,wallet
2801,upi
2802,card
2803,card
2804,upi
2805,card
2806,wallet
2807,wallet
2808,wallet
2809,card
2810,upi
2811,upi
2812,card
2813,card
2814,card
2815,card
2816,wallet
2817,netbanking
2818,card
2819,upi
2820,card
2821,card
2822,card
2823,upi
2824,upi
2825,netbanking
2826,netbanking
2827,card
2828,upi
2829,card
2830,card
2831,upi
2832,card
2833,card
2834,card
2835,card
2836,wallet
2837,card
2838,upi
2839,wallet
2840,upi
2841,upi
2842,wallet
2843,card
2844,card
2845,upi
2846,upi
2847,upi
2848,card
2849,upi
2850,upi
2851,wallet
2852,card
2853,card
2854,wallet
2855,upi
2856,card
2857,card
2858,upi
2859,upi
2860,upi
2861,netbanking
2862,card
2863,card
2864,upi
2865,netbanking
2866,card
2867,upi
2868,card
2869,card
2870,netbanking
2871,card
2872,card
2873,upi
2874,card
2875,upi
2876,upi
2877,card
2878,upi
2879,card
2880,card
2881,upi
2882,card
2883,netbanking
2884,netbanking
2885,netbanking
2886,card
2887,card
2888,netbanking
2889,upi
2890,upi
2891,netbanking
2892,card
2893,card
2894,upi
2895,upi
2896,card
2897,upi
2898,upi
2899,card
2900,card
2901,upi
2902,upi
2903,wallet
2904,card
2905,netbanking
2906,upi
2907,upi
2908,card
2909,card
2910,upi
2911,card
2912,card
2913,wallet
2914,card
2915,wallet
2916,upi
2917,netbanking
2918,card
2919,upi
2920,upi
2921,wallet
2922,card
2923,card
2924,wallet
2925,card
2926,upi
2927,card
2928,card
2929,upi
2930,upi
2931,upi
2932,upi
2933,upi
2934,wallet
2935,card
2936,card
2937,card
2938,upi
2939,card
2940,upi
2941,upi
2942,upi
2943,netbanking
2944,upi
2945,upi
2946,card
2947,upi
2948,card
2949,netbanking
2950,upi
2951,card
2952,card
2953,upi
2954,netbanking
2955,card
2956,card
2957,upi
2958,wallet
2959,netbanking
2960,card
2961,upi
2962,upi
2963,upi
2964,upi
2965,upi
2966,upi
2967,card
2968,card
2969,card
2970,card
2971,upi
2972,netbanking
2973,netbanking
2974,card
2975,card
2976,upi
2977,upi
2978,card
2979,netbanking
2980,card
2981,card
2982,upi
2983,upi
2984,upi
2985,upi
2986,netbanking
2987,card
2988,upi
2989,card
2990,upi
2991,upi
2992,upi
2993,card
2994,netbanking
2995,card
2996,netbanking
2997,card
2998,netbanking
2999,upi
3000,upi
3001,upi
3002,upi
3003,upi
3004,upi
3005,upi
3006,upi
3007,upi
3008,upi
3009,upi
3010,upi
3011,upi
3012,wallet
3013,card
3014,card
3015,card
3016,upi
3017,upi
3018,upi
3019,card
3020,netbanking
3021,upi
3022,upi
3023,card
3024,card
3025,card
3026,card
3027,upi
3028,card
3029,card
3030,card
3031,card
3032,card
3033,card
3034,card
3035,upi
3036,wallet
3037,upi
3038,card
3039,wallet
3040,wallet
3041,upi
3042,card
3043,upi
3044,wallet
3045,upi
3046,upi
3047,upi
3048,wallet
3049,card
3050,card
3051,netbanking
3052,card
3053,upi
3054,card
3055,card
3056,card
3057,upi
3058,upi
3059,upi
3060,card
3061,wallet
3062,upi
3063,wallet
3064,card
3065,card
3066,upi
3067,netbanking
3068,card
3069,upi
3070,upi
3071,card
3072,upi
3073,card
3074,card
3075,netbanking
3076,upi
3077,upi
3078,upi
3079,wallet
3080,upi
3081,upi
3082,card
3083,upi
3084,upi
3085,upi
3086,card
3087,card
3088,netbanking
3089,netbanking
3090,card
3091,upi
3092,upi
3093,upi
3094,upi
3095,upi
3096,card
3097,card
3098,upi
3099,upi
3100,card
3101,card
3102,upi
3103,upi
3104,card
3105,upi
3106,netbanking
3107,card
3108,netbanking
3109,card
3110,upi
3111,card
3112,card
3113,card
3114,card
3115,netbanking
3116,upi
3117,wallet
3118,upi
3119,upi
3120,card
3121,upi
3122,upi
3123,wallet
3124,wallet
3125,card
3126,upi
3127,upi
3128,upi
3129,card
3130,upi
3131,upi
3132,card
3133,upi
3134,card
3135,wallet
3136,card
3137,card
3138,card
3139,netbanking
3140,upi
3141,card
3142,card
3143,upi
3144,upi
3145,card
3146,wallet
3147,card
3148,upi
3149,card
3150,upi
3151,upi
3152,upi
3153,upi
3154,netbanking
3155,netbanking
3156,upi
3157,upi
3158,netbanking
3159,card
3160,card
3161,card
3162,netbanking
3163,card
3164,card
3165,upi
3166,card
3167,card
3168,upi
3169,card
3170,wallet
3171,card
3172,netbanking
3173,upi
3174,card
3175,card
3176,upi
3177,card
3178,card
3179,wallet
3180,upi
3181,wallet
3182,card
3183,card
3184,upi
3185,card
3186,card
3187,card
3188,card
3189,upi
3190,card
3191,wallet
3192,card
3193,card
3194,card
3195,upi
3196,netbanking
3197,netbanking
3198,card
3199,upi
3200,netbanking
3201,card
3202,upi
3203,card
3204,upi
3205,upi
3206,upi
3207,netbanking
3208,upi
3209,netbanking
3210,upi
3211,card
3212,upi
3213,upi
3214,netbanking
3215,card
3216,wallet
3217,upi
3218,upi
3219,upi
3220,upi
3221,upi
3222,upi
3223,card
3224,upi
3225,card
3226,upi
3227,upi
3228,card
3229,upi
3230,upi
3231,upi
3232,upi
3233,upi
3234,upi
3235,card
3236,card
3237,upi
3238,card
3239,card
3240,card
3241,card
3242,wallet
3243,card
3244,card
3245,wallet
3246,wallet
3247,card
3248,netbanking
3249,card
3250,upi
3251,card
3252,upi
3253,card
3254,upi
3255,card
3256,upi
3257,upi
3258,card
3259,netbanking
3260,card
3261,card
3262,card
3263,card
3264,card
3265,upi
3266,upi
3267,upi
3268,upi
3269,upi
3270,card
3271,upi
3272,netbanking
3273,card
3274,upi
3275,wallet
3276,upi
3277,wallet
3278,card
3279,upi
3280,card
3281,card
3282,wallet
3283,card
3284,wallet
3285,upi
3286,netbanking
3287,wallet
3288,upi
3289,wallet
3290,upi
3291,upi
3292,upi
3293,card
3294,card
3295,card
3296,upi
3297,card
3298,upi
3299,upi
3300,upi
3301,netbanking
3302,wallet
3303,netbanking
3304,upi
3305,card
3306,wallet
3307,card
3308,card
3309,card
3310,upi
3311,upi
3312,card
3313,upi
3314,card
3315,card
3316,card
3317,card
3318,upi
3319,card
3320,card
3321,card
3322,upi
3323,wallet
3324,upi
3325,upi
3326,netbanking
3327,card
3328,card
3329,upi
3330,card
3331,upi
3332,upi
3333,card
3334,upi
3335,upi
3336,card
3337,netbanking
3338,upi
3339,card
3340,card
3341,card
3342,card
3343,card
3344,card
3345,netbanking
3346,netbanking
3347,upi
3348,upi
3349,upi
3350,upi
3351,netbanking
3352,upi
3353,upi
3354,netbanking
3355,upi
3356,card
3357,card
3358,upi
3359,card
3360,card
3361,card
3362,card
3363,wallet
3364,card
3365,card
3366,upi
3367,card
3368,upi
3369,upi
3370,card
3371,upi
3372,card
3373,upi
3374,wallet
3375,netbanking
3376,card
3377,upi
3378,upi
3379,netbanking
3380,card
3381,upi
3382,card
3383,card
3384,upi
3385,upi
3386,card
3387,netbanking
3388,upi
3389,wallet
3390,upi
3391,netbanking
3392,upi
3393,card
3394,card
3395,netbanking
3396,card
3397,upi
3398,upi
3399,card
3400,card
3401,upi
3402,card
3403,upi
3404,card
3405,upi
3406,card
3407,upi
3408,card
3409,card
3410,netbanking
3411,card
3412,upi
3413,card
3414,card
3415,card
3416,netbanking
3417,upi
3418,card
3419,upi
3420,upi
3421,upi
3422,wallet
3423,upi
3424,upi
3425,card
3426,wallet
3427,upi
3428,card
3429,wallet
3430,wallet
3431,upi
3432,card
3433,upi
3434,netbanking
3435,upi
3436,card
3437,card
3438,card
3439,card
3440,upi
3441,card
3442,upi
3443,netbanking
3444,upi
3445,card
3446,wallet
3447,card
3448,netbanking
3449,card
3450,upi
3451,upi
3452,card
3453,upi
3454,card
3455,upi
3456,card
3457,upi
3458,upi
3459,upi
3460,card
3461,upi
3462,upi
3463,card
3464,upi
3465,card
3466,card
3467,upi
3468,card
3469,card
3470,upi
3471,upi
3472,card
3473,card
3474,upi
3475,upi
3476,upi
3477,upi
3478,upi
3479,wallet
3480,card
3481,card
3482,card
3483,card
3484,upi
3485,netbanking
3486,card
3487,card
3488,upi
3489,wallet
3490,card
3491,upi
3492,netbanking
3493,upi
3494,upi
3495,upi
3496,card
3497,upi
3498,card
3499,upi
3500,netbanking
3501,card
3502,upi
3503,card
3504,card
3505,upi
3506,card
3507,upi
3508,card
3509,netbanking
3510,card
3511,card
3512,upi
3513,upi
3514,card
3515,netbanking
3516,card
3517,card
3518,upi
3519,upi
3520,upi
3521,netbanking
3522,upi
3523,card
3524,card
3525,card
3526,upi
3527,card
3528,upi
3529,upi
3530,upi
3531,card
3532,card
3533,netbanking
3534,upi
3535,upi
3536,upi
3537,netbanking
3538,card
3539,netbanking
3540,card
3541,wallet
3542,card
3543,card
3544,card
3545,netbanking
3546,wallet
3547,card
3548,card
3549,card
3550,card
3551,upi
3552,card
3553,wallet
3554,wallet
3555,card
3556,upi
3557,wallet
3558,netbanking
3559,upi
3560,card
3561,card
3562,upi
3563,card
3564,upi
3565,upi
3566,upi
3567,card
3568,upi
3569,netbanking
3570,card
3571,card
3572,wallet
3573,upi
3574,upi
3575,netbanking
3576,upi
3577,wallet
3578,netbanking
3579,card
3580,card
3581,card
3582,upi
3583,upi
3584,upi
3585,wallet
3586,upi
3587,upi
3588,upi
3589,upi
3590,card
3591,upi
3592,upi
3593,card
3594,upi
3595,upi
3596,card
3597,netbanking
3598,card
3599,upi
3600,upi
3601,card
3602,upi
3603,card
3604,card
3605,upi
3606,card
3607,wallet
3608,upi
3609,card
3610,netbanking
3611,upi
3612,upi
3613,upi
3614,netbanking
3615,card
3616,card
3617,wallet
3618,card
3619,upi
3620,upi
3621,upi
3622,upi
3623,wallet
3624,card
3625,upi
3626,upi
3627,card
3628,netbanking
3629,upi
3630,card
3631,netbanking
3632,wallet
3633,card
3634,upi
3635,card
3636,card
3637,card
3638,netbanking
3639,card
3640,card
3641,upi
3642,upi
3643,card
3644,card
3645,upi
3646,upi
3647,upi
3648,card
3649,upi
3650,upi
3651,card
3652,card
3653,upi
3654,card
3655,card
3656,wallet
3657,upi
3658,upi
3659,card
3660,upi
3661,upi
3662,wallet
3663,upi
3664,upi
3665,card
3666,upi
3667,wallet
3668,upi
3669,upi
3670,netbanking
3671,wallet
3672,card
3673,card
3674,upi
3675,wallet
3676,upi
3677,card
3678,upi
3679,card
3680,card
3681,card
3682,card
3683,upi
3684,card
3685,card
3686,upi
3687,card
3688,upi
3689,card
3690,card
3691,upi
3692,card
3693,card
3694,card
3695,card
3696,card
3697,card
3698,card
3699,card
3700,netbanking
3701,card
3702,card
3703,upi
3704,card
3705,upi
3706,card
3707,upi
3708,wallet
3709,card
3710,card
3711,upi
3712,wallet
3713,upi
3714,upi
3715,card
3716,upi
3717,card
3718,upi
3719,card
3720,upi
3721,card
3722,upi
3723,upi
3724,netbanking
3725,wallet
3726,upi
3727,upi
3728,card
3729,netbanking
3730,upi
3731,upi
3732,upi
3733,upi
3734,netbanking
3735,netbanking
3736,upi
3737,card
3738,wallet
3739,upi
3740,upi
3741,upi
3742,upi
3743,upi
3744,upi
3745,netbanking
3746,netbanking
3747,upi
3748,card
3749,upi
3750,upi
3751,upi
3752,netbanking
3753,card
3754,card
3755,netbanking
3756,wallet
3757,upi
3758,card
3759,upi
3760,upi
3761,upi
3762,card
3763,card
3764,upi
3765,upi
3766,upi
3767,card
3768,card
3769,card
3770,wallet
3771,upi
3772,upi
3773,upi
3774,netbanking
3775,card
3776,upi
3777,netbanking
3778,card
3779,upi
3780,upi
3781,wallet
3782,upi
3783,card
3784,netbanking
3785,upi
3786,upi
3787,card
3788,card
3789,upi
3790,upi
3791,netbanking
3792,card
3793,upi
3794,card
3795,upi
3796,card
3797,upi
3798,card
3799,upi
3800,card
3801,upi
3802,card
3803,upi
3804,upi
3805,card
3806,card
3807,card
3808,upi
3809,wallet
3810,card
3811,upi
3812,upi
3813,upi
3814,upi
3815,wallet
3816,upi
3817,netbanking
3818,card
3819,netbanking
3820,wallet
3821,netbanking
3822,card
3823,netbanking
3824,card
3825,upi
3826,card
3827,upi
3828,upi
3829,card
3830,card
3831,card
3832,upi
3833,netbanking
3834,upi
3835,upi
3836,netbanking
3837,card
3838,upi
3839,upi
3840,card
3841,upi
3842,upi
3843,upi
3844,upi
3845,card
3846,upi
3847,card
3848,netbanking
3849,card
3850,upi
3851,upi
3852,card
3853,card
3854,card
3855,upi
3856,netbanking
3857,card
3858,upi
3859,netbanking
3860,upi
3861,netbanking
3862,upi
3863,upi
3864,card
3865,card
3866,upi
3867,netbanking
3868,card
3869,netbanking
3870,card
3871,upi
3872,netbanking
3873,netbanking
3874,upi
3875,card
3876,card
3877,card
3878,upi
3879,card
3880,upi
3881,card
3882,upi
3883,card
3884,upi
3885,upi
3886,wallet
3887,netbanking
3888,upi
3889,card
3890,netbanking
3891,netbanking
3892,netbanking
3893,upi
3894,card
3895,upi
3896,upi
3897,card
3898,upi
3899,upi
3900,card
3901,upi
3902,upi
3903,upi
3904,card
3905,wallet
3906,upi
3907,upi
3908,upi
3909,card
3910,upi
3911,card
3912,netbanking
3913,card
3914,wallet
3915,upi
3916,card
3917,upi
3918,card
3919,wallet
3920,upi
3921,upi
3922,upi
3923,wallet
3924,upi
3925,upi
3926,upi
3927,card
3928,upi
3929,upi
3930,netbanking
3931,upi
3932,upi
3933,upi
3934,upi
3935,upi
3936,netbanking
3937,card
3938,upi
3939,netbanking
3940,upi
3941,card
3942,upi
3943,card
3944,card
3945,upi
3946,netbanking
3947,card
3948,wallet
3949,upi
3950,netbanking
3951,upi
3952,netbanking
3953,netbanking
3954,wallet
3955,upi
3956,card
3957,upi
3958,upi
3959,card
3960,wallet
3961,card
3962,netbanking
3963,upi
3964,netbanking
3965,wallet
3966,upi
3967,upi
3968,card
3969,netbanking
3970,netbanking
3971,card
3972,card
3973,upi
3974,card
3975,netbanking
3976,card
3977,wallet
3978,wallet
3979,netbanking
3980,upi
3981,card
3982,netbanking
3983,upi
3984,wallet
3985,card
3986,card
3987,wallet
3988,netbanking
3989,card
3990,upi
3991,card
3992,upi
3993,card
3994,upi
3995,card
3996,card
3997,upi
3998,card
3999,upi
4000,upi
4001,upi
4002,upi
4003,card
4004,card
4005,netbanking
4006,netbanking
4007,wallet
4008,wallet
4009,upi
4010,netbanking
4011,upi
4012,upi
4013,wallet
4014,upi
4015,upi
4016,card
4017,card
4018,card
4019,netbanking
4020,upi
4021,card
4022,upi
4023,card
4024,upi
4025,card
4026,upi
4027,upi
4028,upi
4029,upi
4030,upi
4031,upi
4032,card
4033,upi
4034,upi
4035,upi
4036,netbanking
4037,card
4038,netbanking
4039,card
4040,upi
4041,netbanking
4042,upi
4043,netbanking
4044,netbanking
4045,card
4046,wallet
4047,wallet
4048,upi
4049,card
4050,card
4051,netbanking
4052,wallet
4053,netbanking
4054,upi
4055,card
4056,upi
4057,card
4058,card
4059,card
4060,card
4061,card
4062,upi
4063,upi
4064,upi
4065,upi
4066,wallet
4067,upi
4068,upi
4069,upi
4070,upi
4071,upi
4072,upi
4073,upi
4074,upi
4075,upi
4076,card
4077,card
4078,upi
4079,upi
4080,upi
4081,card
4082,card
4083,card
4084,upi
4085,card
4086,card
4087,card
4088,upi
4089,card
4090,upi
4091,upi
4092,wallet
4093,upi
4094,card
4095,upi
4096,upi
4097,card
4098,wallet
4099,upi
4100,card
4101,card
4102,netbanking
4103,wallet
4104,netbanking
4105,card
4106,upi
4107,card
4108,upi
4109,upi
4110,wallet
4111,upi
4112,upi
4113,card
4114,upi
4115,card
4116,netbanking
4117,card
4118,upi
4119,card
4120,upi
4121,card
4122,upi
4123,upi
4124,upi
4125,wallet
4126,card
4127,upi
4128,netbanking
4129,card
4130,netbanking
4131,wallet
4132,netbanking
4133,upi
4134,upi
4135,upi
4136,upi
4137,wallet
4138,card
4139,upi
4140,upi
4141,card
4142,upi
4143,upi
4144,upi
4145,netbanking
4146,card
4147,netbanking
4148,upi
4149,netbanking
4150,card
4151,upi
4152,netbanking
4153,card
4154,upi
4155,upi
4156,upi
4157,netbanking
4158,upi
4159,wallet
4160,upi
4161,upi
4162,netbanking
4163,upi
4164,card
4165,card
4166,upi
4167,upi
4168,upi
4169,upi
4170,netbanking
4171,card
4172,upi
4173,upi
4174,card
4175,upi
4176,upi
4177,netbanking
4178,upi
4179,card
4180,upi
4181,netbanking
4182,upi
4183,card
4184,wallet
4185,card
4186,card
4187,upi
4188,upi
4189,netbanking
4190,card
4191,upi
4192,upi
4193,netbanking
4194,netbanking
4195,upi
4196,card
4197,card
4198,wallet
4199,upi
4200,upi
4201,netbanking
4202,netbanking
4203,upi
4204,netbanking
4205,card
4206,upi
4207,wallet
4208,card
4209,card
4210,upi
4211,upi
4212,card
4213,card
4214,card
4215,card
4216,netbanking
4217,upi
4218,upi
4219,card
4220,upi
4221,card
4222,netbanking
4223,wallet
4224,upi
4225,wallet
4226,card
4227,card
4228,upi
4229,card
4230,wallet
4231,card
4232,upi
4233,card
4234,card
4235,upi
4236,wallet
4237,upi
4238,upi
4239,card
4240,card
4241,card
4242,netbanking
4243,card
4244,card
4245,upi
4246,upi
4247,upi
4248,card
4249,upi
4250,upi
4251,card
4252,upi
4253,card
4254,netbanking
4255,wallet
4256,card
4257,upi
4258,upi
4259,netbanking
4260,upi
4261,upi
4262,card
4263,card
4264,upi
4265,upi
4266,netbanking
4267,netbanking
4268,upi
4269,upi
4270,netbanking
4271,netbanking
4272,netbanking
4273,wallet
4274,upi
4275,upi
4276,upi
4277,card
4278,upi
4279,upi
4280,upi
4281,card
4282,upi
4283,upi
4284,upi
4285,card
4286,upi
4287,card
4288,card
4289,card
4290,netbanking
4291,upi
4292,upi
4293,netbanking
4294,upi
4295,netbanking
4296,card
4297,card
4298,card
4299,upi
4300,wallet
4301,upi
4302,upi
4303,card
4304,wallet
4305,upi
4306,card
4307,wallet
4308,upi
4309,card
4310,card
4311,card
4312,netbanking
4313,upi
4314,wallet
4315,card
4316,upi
4317,upi
4318,upi
4319,upi
4320,upi
4321,upi
4322,netbanking
4323,card
4324,upi
4325,upi
4326,card
4327,card
4328,wallet
4329,card
4330,card
4331,upi
4332,card
4333,card
4334,card
4335,card
4336,upi
4337,netbanking
4338,card
4339,upi
4340,upi
4341,card
4342,upi
4343,upi
4344,card
4345,upi
4346,card
4347,netbanking
4348,wallet
4349,netbanking
4350,card
4351,upi
4352,upi
4353,card
4354,wallet
4355,upi
4356,card
4357,wallet
4358,card
4359,upi
4360,card
4361,card
4362,wallet
4363,upi
4364,card
4365,upi
4366,netbanking
4367,netbanking
4368,wallet
4369,netbanking
4370,upi
4371,card
4372,wallet
4373,card
4374,card
4375,upi
4376,card
4377,upi
4378,netbanking
4379,upi
4380,upi
4381,upi
4382,upi
4383,card
4384,card
4385,upi
4386,upi
4387,upi
4388,card
4389,card
4390,upi
4391,upi
4392,upi
4393,netbanking
4394,upi
4395,card
4396,upi
4397,card
4398,card
4399,upi
4400,card
4401,card
4402,netbanking
4403,upi
4404,wallet
4405,netbanking
4406,card
4407,upi
4408,card
4409,upi
4410,card
4411,card
4412,card
4413,upi
4414,card
4415,upi
4416,netbanking
4417,upi
4418,upi
4419,card
4420,wallet
4421,upi
4422,upi
4423,wallet
4424,card
4425,upi
4426,card
4427,card
4428,upi
4429,upi
4430,card
4431,upi
4432,netbanking
4433,netbanking
4434,card
4435,upi
4436,card
4437,upi
4438,card
4439,upi
4440,card
4441,upi
4442,card
4443,card
4444,upi
4445,card
4446,upi
4447,upi
4448,upi
4449,upi
4450,upi
4451,netbanking
4452,card
4453,upi
4454,upi
4455,card
4456,card
4457,card
4458,upi
4459,card
4460,upi
4461,upi
4462,upi
4463,card
4464,upi
4465,upi
4466,card
4467,card
4468,card
4469,wallet
4470,card
4471,card
4472,card
4473,card
4474,upi
4475,upi
4476,upi
4477,netbanking
4478,card
4479,upi
4480,upi
4481,upi
4482,netbanking
4483,card
4484,upi
4485,upi
4486,card
4487,netbanking
4488,card
4489,card
4490,upi
4491,upi
4492,netbanking
4493,netbanking
4494,card
4495,upi
4496,wallet
4497,card
4498,upi
4499,netbanking
4500,card
4501,wallet
4502,upi
4503,netbanking
4504,upi
4505,upi
4506,upi
4507,card
4508,upi
4509,wallet
4510,wallet
4511,wallet
4512,upi
4513,upi
4514,upi
4515,upi
4516,upi
4517,card
4518,card
4519,upi
4520,card
4521,card
4522,card
4523,netbanking
4524,wallet
4525,upi
4526,wallet
4527,netbanking
4528,card
4529,card
4530,card
4531,card
4532,upi
4533,card
4534,netbanking
4535,upi
4536,card
4537,wallet
4538,wallet
4539,upi
4540,upi
4541,wallet
4542,upi
4543,netbanking
4544,card
4545,upi
4546,upi
4547,card
4548,card
4549,card
4550,card
4551,card
4552,upi
4553,netbanking
4554,upi
4555,upi
4556,card
4557,netbanking
4558,card
4559,card
4560,upi
4561,wallet
4562,wallet
4563,upi
4564,upi
4565,upi
4566,upi
4567,card
4568,card
4569,wallet
4570,wallet
4571,card
4572,card
4573,card
4574,upi
4575,card
4576,upi
4577,card
4578,card
4579,card
4580,upi
4581,card
4582,upi
4583,upi
4584,upi
4585,card
4586,upi
4587,card
4588,upi
4589,upi
4590,wallet
4591,wallet
4592,upi
4593,netbanking
4594,card
4595,upi
4596,card
4597,card
4598,upi
4599,upi
4600,upi
4601,netbanking
4602,upi
4603,wallet
4604,netbanking
4605,netbanking
4606,card
4607,upi
4608,upi
4609,wallet
4610,card
4611,card
4612,card
4613,card
4614,netbanking
4615,card
4616,card
4617,upi
4618,upi
4619,card
4620,upi
4621,upi
4622,wallet
4623,upi
4624,wallet
4625,card
4626,upi
4627,upi
4628,upi
4629,upi
4630,card
4631,card
4632,netbanking
4633,netbanking
4634,card
4635,upi
4636,upi
4637,upi
4638,card
4639,netbanking
4640,upi
4641,upi
4642,upi
4643,upi
4644,card
4645,wallet
4646,card
4647,netbanking
4648,netbanking
4649,upi
4650,upi
4651,card
4652,upi
4653,upi
4654,card
4655,card
4656,wallet
4657,card
4658,card
4659,card
4660,upi
4661,upi
4662,upi
4663,upi
4664,card
4665,upi
4666,card
4667,netbanking
4668,card
4669,card
4670,upi
4671,card
4672,upi
4673,upi
4674,wallet
4675,card
4676,upi
4677,upi
4678,card
4679,upi
4680,netbanking
4681,upi
4682,wallet
4683,upi
4684,upi
4685,wallet
4686,card
4687,upi
4688,upi
4689,netbanking
4690,netbanking
4691,card
4692,upi
4693,card
4694,upi
4695,upi
4696,card
4697,netbanking
4698,upi
4699,upi
4700,wallet
4701,upi
4702,upi
4703,card
4704,card
4705,card
4706,card
4707,card
4708,upi
4709,upi
4710,card
4711,upi
4712,netbanking
4713,card
4714,upi
4715,card
4716,upi
4717,upi
4718,card
4719,card
4720,netbanking
4721,card
4722,upi
4723,upi
4724,card
4725,upi
4726,upi
4727,card
4728,wallet
4729,upi
4730,upi
4731,card
4732,card
4733,upi
4734,upi
4735,card
4736,upi
4737,upi
4738,card
4739,upi
4740,upi
4741,upi
4742,upi
4743,upi
4744,wallet
4745,netbanking
4746,card
4747,upi
4748,wallet
4749,netbanking
4750,card
4751,card
4752,card
4753,netbanking
4754,wallet
4755,netbanking
4756,card
4757,netbanking
4758,card
4759,upi
4760,card
4761,upi
4762,upi
4763,card
4764,card
4765,netbanking
4766,card
4767,upi
4768,card
4769,card
4770,card
4771,upi
4772,upi
4773,card
4774,netbanking
4775,card
4776,upi
4777,card
4778,netbanking
4779,card
4780,upi
4781,upi
4782,upi
4783,netbanking
4784,card
4785,upi
4786,netbanking
4787,netbanking
4788,upi
4789,upi
4790,upi
4791,upi
4792,netbanking
4793,netbanking
4794,upi
4795,upi
4796,upi
4797,card
4798,netbanking
4799,upi
4800,card
4801,upi
4802,card
4803,card
4804,upi
4805,upi
4806,upi
4807,card
4808,upi
4809,card
4810,wallet
4811,card
4812,netbanking
4813,card
4814,card
4815,upi
4816,upi
4817,wallet
4818,upi
4819,card
4820,card
4821,upi
4822,upi
4823,netbanking
4824,upi
4825,upi
4826,netbanking
4827,card
4828,upi
4829,netbanking
4830,upi
4831,upi
4832,netbanking
4833,card
4834,netbanking
4835,upi
4836,upi
4837,card
4838,upi
4839,card
4840,card
4841,upi
4842,card
4843,upi
4844,card
4845,card
4846,card
4847,upi
4848,card
4849,card
4850,upi
4851,upi
4852,upi
4853,card
4854,netbanking
4855,upi
4856,upi
4857,card
4858,card
4859,upi
4860,card
4861,upi
4862,card
4863,card
4864,card
4865,card
4866,upi
4867,card
4868,upi
4869,card
4870,upi
4871,wallet
4872,netbanking
4873,upi
4874,upi
4875,upi
4876,wallet
4877,upi
4878,card
4879,upi
4880,card
4881,upi
4882,card
4883,card
4884,upi
4885,upi
4886,upi
4887,netbanking
4888,netbanking
4889,upi
4890,wallet
4891,card
4892,card
4893,netbanking
4894,upi
4895,netbanking
4896,card
4897,card
4898,card
4899,upi
4900,netbanking
4901,upi
4902,card
4903,card
4904,card
4905,upi
4906,upi
4907,card
4908,upi
4909,upi
4910,card
4911,upi
4912,upi
4913,upi
4914,card
4915,card
4916,upi
4917,card
4918,netbanking
4919,upi
4920,upi
4921,upi
4922,upi
4923,card
4924,card
4925,upi
4926,upi
4927,netbanking
4928,upi
4929,upi
4930,card
4931,card
4932,netbanking
4933,card
4934,netbanking
4935,card
4936,upi
4937,card
4938,upi
4939,card
4940,upi
4941,netbanking
4942,upi
4943,card
4944,upi
4945,upi
4946,card
4947,upi
4948,netbanking
4949,upi
4950,upi
4951,upi
4952,upi
4953,card
4954,upi
4955,card
4956,card
4957,card
4958,netbanking
4959,card
4960,card
4961,card
4962,card
4963,wallet
4964,upi
4965,upi
4966,upi
4967,card
4968,upi
4969,wallet
4970,upi
4971,upi
4972,upi
4973,netbanking
4974,card
4975,upi
4976,card
4977,upi
4978,netbanking
4979,upi
4980,card
4981,upi
4982,wallet
4983,upi
4984,netbanking
4985,netbanking
4986,netbanking
4987,card
4988,upi
4989,netbanking
4990,netbanking
4991,card
4992,card
4993,card
4994,upi
4995,netbanking
4996,upi
4997,card
4998,card
4999,netbanking
5000,card
5001,card
5002,card
5003,netbanking
5004,upi
5005,card
5006,card
5007,wallet
5008,upi
5009,upi
5010,card
5011,card
5012,netbanking
5013,upi
5014,upi
5015,netbanking
5016,upi
5017,netbanking
5018,card
5019,card
5020,netbanking
5021,netbanking
5022,upi
5023,upi
5024,netbanking
5025,upi
5026,card
5027,upi
5028,upi
5029,upi
5030,netbanking
5031,upi
5032,card
5033,card
5034,netbanking
5035,card
5036,netbanking
5037,card
5038,upi
5039,netbanking
5040,upi
5041,netbanking
5042,card
5043,upi
5044,upi
5045,netbanking
5046,card
5047,card
5048,upi
5049,wallet
5050,netbanking
5051,netbanking
5052,upi
5053,upi
5054,netbanking
5055,netbanking
5056,netbanking
5057,netbanking
5058,netbanking
5059,card
5060,card
5061,wallet
5062,upi
5063,card
5064,upi
5065,upi
5066,netbanking
5067,netbanking
5068,card
5069,upi
5070,card
5071,netbanking
5072,card
5073,upi
5074,upi
5075,upi
5076,upi
5077,upi
5078,upi
5079,card
5080,card
5081,upi
5082,card
5083,upi
5084,card
5085,netbanking
5086,card
5087,upi
5088,card
5089,upi
5090,card
5091,upi
5092,card
5093,upi
5094,upi
5095,wallet
5096,upi
5097,upi
5098,netbanking
5099,card
5100,upi
5101,upi
5102,upi
5103,card
5104,upi
5105,upi
5106,upi
5107,card
5108,upi
5109,netbanking
5110,card
5111,card
5112,wallet
5113,netbanking
5114,card
5115,upi
5116,card
5117,wallet
5118,upi
5119,upi
5120,card
5121,upi
5122,card
5123,upi
5124,upi
5125,upi
5126,netbanking
5127,card
5128,card
5129,upi
5130,upi
5131,card
5132,upi
5133,upi
5134,upi
5135,upi
5136,card
5137,card
5138,upi
5139,upi
5140,upi
5141,wallet
5142,card
5143,upi
5144,card
5145,card
5146,wallet
5147,wallet
5148,card
5149,wallet
5150,card
5151,wallet
5152,netbanking
5153,card
5154,upi
5155,upi
5156,card
5157,card
5158,upi
5159,card
5160,card
5161,card
5162,upi
5163,card
5164,upi
5165,card
5166,card
5167,upi
5168,card
5169,upi
5170,upi
5171,upi
5172,upi
5173,netbanking
5174,card
5175,netbanking
5176,card
5177,card
5178,upi
5179,card
5180,upi
5181,netbanking
5182,upi
5183,upi
5184,wallet
5185,upi
5186,card
5187,netbanking
5188,card
5189,card
5190,card
5191,card
5192,card
5193,card
5194,upi
5195,upi
5196,wallet
5197,card
5198,card
5199,upi
5200,card
5201,card
5202,upi
5203,upi
5204,card
5205,upi
5206,upi
5207,netbanking
5208,card
5209,upi
5210,upi
5211,card
5212,upi
5213,upi
5214,card
5215,upi
5216,upi
5217,upi
5218,card
5219,upi
5220,card
5221,upi
5222,upi
5223,upi
5224,upi
5225,card
5226,card
5227,upi
5228,card
5229,upi
5230,upi
5231,netbanking
5232,card
5233,upi
5234,card
5235,netbanking
5236,upi
5237,upi
5238,upi
5239,card
5240,upi
5241,netbanking
5242,card
5243,wallet
5244,netbanking
5245,wallet
5246,netbanking
5247,card
5248,upi
5249,card
5250,upi
5251,card
5252,netbanking
5253,card
5254,card
5255,card
5256,upi
5257,card
5258,card
5259,card
5260,card
5261,wallet
5262,upi
5263,card
5264,card
5265,card
5266,card
5267,card
5268,card
5269,card
5270,card
5271,upi
5272,card
5273,upi
5274,upi
5275,netbanking
5276,card
5277,upi
5278,netbanking
5279,wallet
5280,netbanking
5281,card
5282,wallet
5283,netbanking
5284,card
5285,card
5286,wallet
5287,card
5288,upi
5289,upi
5290,upi
5291,card
5292,upi
5293,upi
5294,netbanking
5295,card
5296,card
5297,card
5298,card
5299,wallet
5300,card
5301,card
5302,netbanking
5303,card
5304,card
5305,upi
5306,upi
5307,netbanking
5308,upi
5309,card
5310,upi
5311,netbanking
5312,card
5313,upi
5314,upi
5315,upi
5316,upi
5317,card
5318,upi
5319,card
5320,upi
5321,upi
5322,card
5323,card
5324,wallet
5325,card
5326,card
5327,card
5328,upi
5329,card
5330,netbanking
5331,upi
5332,card
5333,upi
5334,card
5335,card
5336,upi
5337,card
5338,netbanking
5339,upi
5340,card
5341,wallet
5342,upi
5343,card
5344,upi
5345,wallet
5346,upi
5347,upi
5348,upi
5349,card
5350,card
5351,upi
5352,netbanking
5353,upi
5354,card
5355,upi
5356,card
5357,card
5358,upi
5359,card
5360,netbanking
5361,upi
5362,upi
5363,netbanking
5364,upi
5365,netbanking
5366,netbanking
5367,upi
5368,card
5369,card
5370,netbanking
5371,card
5372,wallet
5373,card
5374,upi
5375,card
5376,wallet
5377,card
5378,card
5379,netbanking
5380,card
5381,card
5382,netbanking
5383,netbanking
5384,card
5385,upi
5386,card
5387,card
5388,upi
5389,card
5390,upi
5391,card
5392,netbanking
5393,upi
5394,card
5395,wallet
5396,netbanking
5397,card
5398,wallet
5399,card
5400,card
5401,upi
5402,card
5403,upi
5404,upi
5405,netbanking
5406,card
5407,card
5408,card
5409,card
5410,wallet
5411,upi
5412,upi
5413,upi
5414,card
5415,card
5416,upi
5417,netbanking
5418,card
5419,card
5420,upi
5421,card
5422,upi
5423,card
5424,upi
5425,upi
5426,netbanking
5427,upi
5428,card
5429,upi
5430,upi
5431,upi
5432,wallet
5433,netbanking
5434,card
5435,upi
5436,card
5437,upi
5438,wallet
5439,upi
5440,card
5441,wallet
5442,upi
5443,card
5444,netbanking
5445,card
5446,upi
5447,upi
5448,wallet
5449,card
5450,card
5451,upi
5452,netbanking
5453,card
5454,card
5455,wallet
5456,upi
5457,card
5458,card
5459,upi
5460,upi
5461,upi
5462,upi
5463,card
5464,netbanking
5465,card
5466,netbanking
5467,card
5468,card
5469,card
5470,card
5471,upi
5472,upi
5473,netbanking
5474,upi
5475,upi
5476,card
5477,netbanking
5478,card
5479,card
5480,card
5481,card
5482,upi
5483,card
5484,card
5485,netbanking
5486,card
5487,upi
5488,card
5489,netbanking
5490,upi
5491,card
5492,netbanking
5493,upi
5494,card
5495,upi
5496,upi
5497,card
5498,card
5499,card
5500,upi
5501,wallet
5502,upi
5503,wallet
5504,card
5505,upi
5506,wallet
5507,upi
5508,card
5509,card
5510,card
5511,upi
5512,wallet
5513,card
5514,card
5515,card
5516,upi
5517,upi
5518,card
5519,upi
5520,card
5521,upi
5522,upi
5523,card
5524,upi
5525,upi
5526,upi
5527,upi
5528,upi
5529,card
5530,wallet
5531,wallet
5532,card
5533,wallet
5534,upi
5535,card
5536,upi
5537,card
5538,upi
5539,wallet
5540,card
5541,upi
5542,card
5543,upi
5544,netbanking
5545,card
5546,upi
5547,card
5548,upi
5549,upi
5550,upi
5551,card
5552,upi
5553,upi
5554,upi
5555,upi
5556,netbanking
5557,card
5558,card
5559,wallet
5560,card
5561,netbanking
5562,upi
5563,netbanking
5564,upi
5565,netbanking
5566,upi
5567,upi
5568,card
5569,card
5570,card
5571,wallet
5572,card
5573,upi
5574,upi
5575,card
5576,wallet
5577,card
5578,upi
5579,upi
5580,card
5581,card
5582,upi
5583,card
5584,netbanking
5585,upi
5586,card
5587,card
5588,card
5589,upi
5590,upi
5591,card
5592,upi
5593,upi
5594,upi
5595,card
5596,card
5597,card
5598,upi
5599,upi
5600,card
5601,card
5602,upi
5603,card
5604,upi
5605,upi
5606,card
5607,upi
5608,card
5609,upi
5610,card
5611,upi
5612,upi
5613,card
5614,upi
5615,upi
5616,wallet
5617,card
5618,card
5619,card
5620,netbanking
5621,upi
5622,card
5623,upi
5624,card
5625,upi
5626,upi
5627,upi
5628,upi
5629,card
5630,upi
5631,upi
5632,card
5633,netbanking
5634,upi
5635,wallet
5636,upi
5637,card
5638,upi
5639,upi
5640,card
5641,upi
5642,card
5643,card
5644,netbanking
5645,card
5646,upi
5647,upi
5648,upi
5649,card
5650,upi
5651,upi
5652,netbanking
5653,card
5654,card
5655,upi
5656,card
5657,upi
5658,upi
5659,upi
5660,wallet
5661,upi
5662,netbanking
5663,upi
5664,card
5665,upi
5666,upi
5667,wallet
5668,card
5669,card
5670,netbanking
5671,card
5672,upi
5673,upi
5674,card
5675,card
5676,netbanking
5677,card
5678,upi
5679,upi
5680,upi
5681,upi
5682,card
5683,netbanking
5684,card
5685,card
5686,wallet
5687,card
5688,card
5689,wallet
5690,card
5691,card
5692,upi
5693,upi
5694,netbanking
5695,upi
5696,wallet
5697,card
5698,upi
5699,card
5700,netbanking
5701,wallet
5702,card
5703,netbanking
5704,upi
5705,card
5706,upi
5707,wallet
5708,card
5709,card
5710,wallet
5711,upi
5712,upi
5713,upi
5714,upi
5715,card
5716,card
5717,netbanking
5718,upi
5719,upi
5720,netbanking
5721,card
5722,netbanking
5723,upi
5724,wallet
5725,card
5726,card
5727,upi
5728,wallet
5729,wallet
5730,upi
5731,upi
5732,card
5733,upi
5734,netbanking
5735,upi
5736,card
5737,wallet
5738,card
5739,upi
5740,upi
5741,upi
5742,upi
5743,upi
5744,card
5745,card
5746,upi
5747,upi
5748,upi
5749,card
5750,card
5751,upi
5752,upi
5753,upi
5754,upi
5755,card
5756,card
5757,card
5758,upi
5759,card
5760,card
5761,wallet
5762,upi
5763,upi
5764,upi
5765,card
5766,card
5767,netbanking
5768,upi
5769,upi
5770,wallet
5771,card
5772,upi
5773,card
5774,upi
5775,netbanking
5776,card
5777,wallet
5778,upi
5779,upi
5780,card
5781,upi
5782,upi
5783,card
5784,upi
5785,card
5786,wallet
5787,card
5788,upi
5789,upi
5790,upi
5791,netbanking
5792,wallet
5793,card
5794,upi
5795,upi
5796,card
5797,upi
5798,card
5799,netbanking
5800,upi
5801,upi
5802,upi
5803,wallet
5804,upi
5805,netbanking
5806,netbanking
5807,card
5808,card
5809,card
5810,upi
5811,upi
5812,card
5813,wallet
5814,card
5815,upi
5816,upi
5817,upi
5818,card
5819,upi
5820,upi
5821,card
5822,upi
5823,upi
5824,card
5825,upi
5826,upi
5827,netbanking
5828,upi
5829,card
5830,upi
5831,card
5832,wallet
5833,upi
5834,card
5835,upi
5836,card
5837,netbanking
5838,wallet
5839,upi
5840,upi
5841,upi
5842,upi
5843,card
5844,wallet
5845,card
5846,card
5847,card
5848,wallet
5849,wallet
5850,card
5851,card
5852,netbanking
5853,upi
5854,wallet
5855,netbanking
5856,upi
5857,card
5858,upi
5859,wallet
5860,card
5861,netbanking
5862,upi
5863,wallet
5864,upi
5865,card
5866,upi
5867,card
5868,upi
5869,netbanking
5870,card
5871,wallet
5872,card
5873,upi
5874,wallet
5875,upi
5876,netbanking
5877,wallet
5878,upi
5879,upi
5880,card
5881,upi
5882,card
5883,netbanking
5884,upi
5885,upi
5886,wallet
5887,card
5888,wallet
5889,card
5890,card
5891,upi
5892,card
5893,upi
5894,upi
5895,netbanking
5896,card
5897,card
5898,card
5899,upi
5900,card
5901,card
5902,netbanking
5903,wallet
5904,netbanking
5905,card
5906,upi
5907,card
5908,card
5909,upi
5910,wallet
5911,upi
5912,card
5913,upi
5914,wallet
5915,card
5916,netbanking
5917,card
5918,card
5919,netbanking
5920,card
5921,upi
5922,card
5923,upi
5924,upi
5925,netbanking
5926,netbanking
5927,upi
5928,upi
5929,card
5930,upi
5931,upi
5932,card
5933,wallet
5934,card
5935,card
5936,netbanking
5937,upi
5938,upi
5939,card
5940,upi
5941,upi
5942,card
5943,upi
5944,card
5945,card
5946,card
5947,card
5948,card
5949,upi
5950,upi
5951,card
5952,upi
5953,card
5954,upi
5955,netbanking
5956,upi
5957,upi
5958,card
5959,card
5960,upi
5961,upi
5962,upi
5963,wallet
5964,card
5965,netbanking
5966,upi
5967,card
5968,card
5969,upi
5970,card
5971,upi
5972,upi
5973,upi
5974,upi
5975,upi
5976,upi
5977,netbanking
5978,card
5979,wallet
5980,card
5981,card
5982,upi
5983,card
5984,card
5985,card
5986,upi
5987,upi
5988,card
5989,upi
5990,card
5991,wallet
5992,card
5993,upi
5994,upi
5995,upi
5996,wallet
5997,card
5998,upi
5999,upi
6000,upi
6001,card
6002,card
6003,card
6004,card
6005,wallet
6006,upi
6007,card
6008,upi
6009,upi
6010,card
6011,upi
6012,upi
6013,card
6014,upi
6015,card
6016,card
6017,upi
6018,upi
6019,wallet
6020,card
6021,upi
6022,wallet
6023,upi
6024,wallet
6025,wallet
6026,netbanking
6027,wallet
6028,upi
6029,upi
6030,netbanking
6031,netbanking
6032,card
6033,card
6034,card
6035,netbanking
6036,card
6037,card
6038,upi
6039,card
6040,wallet
6041,upi
6042,card
6043,card
6044,upi
6045,upi
6046,upi
6047,card
6048,netbanking
6049,upi
6050,upi
6051,upi
6052,wallet
6053,upi
6054,upi
6055,wallet
6056,netbanking
6057,upi
6058,upi
6059,upi
6060,upi
6061,card
6062,upi
6063,card
6064,card
6065,wallet
6066,card
6067,netbanking
6068,card
6069,card
6070,card
6071,upi
6072,upi
6073,card
6074,upi
6075,upi
6076,card
6077,card
6078,card
6079,card
6080,card
6081,upi
6082,upi
6083,netbanking
6084,upi
6085,upi
6086,card
6087,card
6088,upi
6089,card
6090,card
6091,wallet
6092,card
6093,card
6094,wallet
6095,card
6096,upi
6097,card
6098,upi
6099,wallet
6100,upi
6101,upi
6102,card
6103,card
6104,upi
6105,card
6106,card
6107,upi
6108,netbanking
6109,netbanking
6110,netbanking
6111,upi
6112,upi
6113,wallet
6114,card
6115,upi
6116,card
6117,wallet
6118,wallet
6119,netbanking
6120,card
6121,wallet
6122,card
6123,card
6124,upi
6125,upi
6126,netbanking
6127,card
6128,upi
6129,upi
6130,card
6131,netbanking
6132,card
6133,card
6134,upi
6135,upi
6136,netbanking
6137,card
6138,card
6139,wallet
6140,upi
6141,card
6142,card
6143,wallet
6144,upi
6145,card
6146,card
6147,card
6148,card
6149,card
6150,card
6151,card
6152,card
6153,upi
6154,upi
6155,netbanking
6156,card
6157,netbanking
6158,netbanking
6159,wallet
6160,card
6161,card
6162,upi
6163,card
6164,card
6165,card
6166,upi
6167,netbanking
6168,card
6169,wallet
6170,upi
6171,card
6172,upi
6173,card
6174,netbanking
6175,upi
6176,upi
6177,upi
6178,card
6179,wallet
6180,wallet
6181,upi
6182,upi
6183,card
6184,card
6185,card
6186,upi
6187,upi
6188,wallet
6189,card
6190,card
6191,card
6192,wallet
6193,upi
6194,upi
6195,upi
6196,upi
6197,card
6198,card
6199,card
6200,card
6201,upi
6202,card
6203,upi
6204,upi
6205,upi
6206,wallet
6207,card
6208,upi
6209,card
6210,upi
6211,upi
6212,card
6213,card
6214,upi
6215,upi
6216,upi
6217,upi
6218,upi
6219,upi
6220,card
6221,upi
6222,upi
6223,netbanking
6224,upi
6225,upi
6226,wallet
6227,netbanking
6228,card
6229,netbanking
6230,card
6231,netbanking
6232,card
6233,upi
6234,wallet
6235,card
6236,netbanking
6237,upi
6238,card
6239,wallet
6240,upi
6241,netbanking
6242,netbanking
6243,card
6244,card
6245,card
6246,upi
6247,card
6248,upi
6249,netbanking
6250,card
6251,upi
6252,upi
6253,card
6254,card
6255,card
6256,upi
6257,card
6258,netbanking
6259,netbanking
6260,card
6261,netbanking
6262,wallet
6263,card
6264,wallet
6265,card
6266,upi
6267,card
6268,netbanking
6269,netbanking
6270,wallet
6271,wallet
6272,card
6273,upi
6274,card
6275,card
6276,card
6277,wallet
6278,upi
6279,card
6280,wallet
6281,netbanking
6282,card
6283,upi
6284,upi
6285,upi
6286,upi
6287,upi
6288,card
6289,upi
6290,card
6291,card
6292,card
6293,upi
6294,upi
6295,upi
6296,card
6297,wallet
6298,card
6299,upi
6300,card
6301,upi
6302,upi
6303,upi
6304,netbanking
6305,upi
6306,upi
6307,upi
6308,wallet
6309,wallet
6310,upi
6311,upi
6312,netbanking
6313,wallet
6314,card
6315,wallet
6316,upi
6317,upi
6318,upi
6319,card
6320,netbanking
6321,upi
6322,card
6323,upi
6324,card
6325,upi
6326,upi
6327,upi
6328,card
6329,card
6330,card
6331,upi
6332,wallet
6333,upi
6334,upi
6335,card
6336,card
6337,netbanking
6338,upi
6339,card
6340,upi
6341,upi
6342,card
6343,card
6344,upi
6345,card
6346,upi
6347,netbanking
6348,wallet
6349,card
6350,card
6351,upi
6352,card
6353,netbanking
6354,upi
6355,upi
6356,upi
6357,card
6358,upi
6359,wallet
6360,card
6361,card
6362,netbanking
6363,upi
6364,card
6365,card
6366,upi
6367,upi
6368,upi
6369,card
6370,card
6371,upi
6372,netbanking
6373,upi
6374,upi
6375,netbanking
6376,card
6377,card
6378,card
6379,card
6380,wallet
6381,card
6382,netbanking
6383,card
6384,upi
6385,card
6386,card
6387,card
6388,upi
6389,upi
6390,netbanking
6391,netbanking
6392,upi
6393,wallet
6394,card
6395,card
6396,upi
6397,upi
6398,upi
6399,upi
6400,netbanking
6401,card
6402,netbanking
6403,upi
6404,upi
6405,card
6406,card
6407,upi
6408,upi
6409,upi
6410,card
6411,upi
6412,upi
6413,wallet
6414,upi
6415,upi
6416,upi
6417,upi
6418,upi
6419,card
6420,wallet
6421,upi
6422,upi
6423,upi
6424,upi
6425,card
6426,card
6427,card
6428,card
6429,card
6430,upi
6431,card
6432,netbanking
6433,netbanking
6434,card
6435,upi
6436,upi
6437,netbanking
6438,upi
6439,card
6440,card
6441,netbanking
6442,card
6443,netbanking
6444,card
6445,upi
6446,upi
6447,card
6448,card
6449,card
6450,upi
6451,upi
6452,card
6453,upi
6454,card
6455,upi
6456,upi
6457,netbanking
6458,netbanking
6459,card
6460,card
6461,netbanking
6462,card
6463,card
6464,card
6465,upi
6466,upi
6467,wallet
6468,card
6469,card
6470,card
6471,upi
6472,card
6473,wallet
6474,upi
6475,upi
6476,netbanking
6477,upi
6478,upi
6479,card
6480,netbanking
6481,netbanking
6482,upi
6483,card
6484,wallet
6485,wallet
6486,upi
6487,wallet
6488,upi
6489,card
6490,upi
6491,card
6492,upi
6493,upi
6494,card
6495,card
6496,upi
6497,upi
6498,wallet
6499,card
6500,netbanking
6501,card
6502,card
6503,upi
6504,upi
6505,upi
6506,card
6507,card
6508,upi
6509,card
6510,card
6511,card
6512,card
6513,upi
6514,card
6515,upi
6516,upi
6517,upi
6518,upi
6519,upi
6520,netbanking
6521,card
6522,netbanking
6523,card
6524,upi
6525,upi
6526,card
6527,card
6528,card
6529,card
6530,upi
6531,card
6532,netbanking
6533,netbanking
6534,card
6535,card
6536,upi
6537,netbanking
6538,upi
6539,card
6540,wallet
6541,upi
6542,card
6543,netbanking
6544,wallet
6545,upi
6546,card
6547,upi
6548,card
6549,upi
6550,card
6551,upi
6552,upi
6553,wallet
6554,netbanking
6555,card
6556,card
6557,upi
6558,card
6559,card
6560,upi
6561,card
6562,card
6563,upi
6564,wallet
6565,upi
6566,card
6567,upi
6568,netbanking
6569,card
6570,upi
6571,upi
6572,upi
6573,card
6574,netbanking
6575,card
6576,card
6577,card
6578,upi
6579,card
6580,upi
6581,netbanking
6582,card
6583,netbanking
6584,wallet
6585,card
6586,upi
6587,wallet
6588,upi
6589,upi
6590,netbanking
6591,upi
6592,card
6593,card
6594,upi
6595,card
6596,card
6597,card
6598,netbanking
6599,upi
6600,card
6601,card
6602,card
6603,card
6604,upi
6605,card
6606,wallet
6607,card
6608,card
6609,netbanking
6610,card
6611,card
6612,card
6613,upi
6614,card
6615,netbanking
6616,upi
6617,netbanking
6618,upi
6619,upi
6620,upi
6621,upi
6622,upi
6623,upi
6624,card
6625,upi
6626,card
6627,upi
6628,card
6629,card
6630,card
6631,card
6632,card
6633,card
6634,upi
6635,upi
6636,wallet
6637,netbanking
6638,card
6639,upi
6640,upi
6641,card
6642,upi
6643,upi
6644,upi
6645,card
6646,upi
6647,card
6648,netbanking
6649,wallet
6650,card
6651,upi
6652,netbanking
6653,upi
6654,card
6655,upi
6656,upi
6657,card
6658,upi
6659,upi
6660,card
6661,wallet
6662,card
6663,upi
6664,upi
6665,card
6666,upi
6667,upi
6668,upi
6669,upi
6670,wallet
6671,netbanking
6672,card
6673,card
6674,upi
6675,netbanking
6676,netbanking
6677,upi
6678,netbanking
6679,card
6680,card
6681,upi
6682,card
6683,upi
6684,upi
6685,upi
6686,wallet
6687,card
6688,upi
6689,upi
6690,card
6691,upi
6692,upi
6693,card
6694,netbanking
6695,upi
6696,card
6697,card
6698,upi
6699,wallet
6700,card
6701,card
6702,card
6703,upi
6704,card
6705,upi
6706,card
6707,upi
6708,upi
6709,upi
6710,card
6711,upi
6712,upi
6713,upi
6714,card
6715,card
6716,upi
6717,card
6718,upi
6719,card
6720,card
6721,upi
6722,upi
6723,card
6724,netbanking
6725,upi
6726,netbanking
6727,card
6728,netbanking
6729,netbanking
6730,card
6731,upi
6732,upi
6733,upi
6734,upi
6735,wallet
6736,upi
6737,wallet
6738,netbanking
6739,netbanking
6740,upi
6741,upi
6742,netbanking
6743,upi
6744,card
6745,upi
6746,card
6747,wallet
6748,upi
6749,upi
6750,card
6751,upi
6752,card
6753,upi
6754,upi
6755,upi
6756,card
6757,upi
6758,upi
6759,netbanking
6760,netbanking
6761,upi
6762,card
6763,card
6764,wallet
6765,wallet
6766,card
6767,upi
6768,upi
6769,card
6770,wallet
6771,wallet
6772,wallet
6773,card
6774,upi
6775,netbanking
6776,upi
6777,upi
6778,upi
6779,card
6780,upi
6781,netbanking
6782,card
6783,card
6784,upi
6785,upi
6786,card
6787,card
6788,upi
6789,card
6790,upi
6791,upi
6792,upi
6793,upi
6794,upi
6795,upi
6796,upi
6797,upi
6798,upi
6799,upi
6800,upi
6801,upi
6802,card
6803,upi
6804,card
6805,netbanking
6806,upi
6807,card
6808,upi
6809,card
6810,wallet
6811,wallet
6812,netbanking
6813,upi
6814,netbanking
6815,upi
6816,netbanking
6817,card
6818,netbanking
6819,upi
6820,card
6821,wallet
6822,upi
6823,netbanking
6824,card
6825,upi
6826,upi
6827,card
6828,upi
6829,upi
6830,card
6831,upi
6832,card
6833,netbanking
6834,netbanking
6835,upi
6836,upi
6837,upi
6838,card
6839,netbanking
6840,card
6841,upi
6842,card
6843,upi
6844,netbanking
6845,card
6846,card
6847,card
6848,card
6849,upi
6850,upi
6851,upi
6852,card
6853,upi
6854,upi
6855,upi
6856,card
6857,upi
6858,card
6859,netbanking
6860,netbanking
6861,netbanking
6862,card
6863,card
6864,netbanking
6865,upi
6866,upi
6867,upi
6868,card
6869,upi
6870,wallet
6871,upi
6872,upi
6873,wallet
6874,upi
6875,card
6876,upi
6877,card
6878,card
6879,upi
6880,card
6881,card
6882,upi
6883,card
6884,upi
6885,card
6886,upi
6887,netbanking
6888,card
6889,upi
6890,card
6891,card
6892,card
6893,card
6894,card
6895,upi
6896,upi
6897,wallet
6898,wallet
6899,upi
6900,card
6901,card
6902,upi
6903,netbanking
6904,card
6905,card
6906,upi
6907,netbanking
6908,upi
6909,upi
6910,upi
6911,card
6912,upi
6913,upi
6914,upi
6915,upi
6916,card
6917,card
6918,card
6919,card
6920,card
6921,upi
6922,netbanking
6923,upi
6924,upi
6925,wallet
6926,wallet
6927,card
6928,card
6929,card
6930,netbanking
6931,card
6932,card
6933,upi
6934,upi
6935,upi
6936,upi
6937,upi
6938,netbanking
6939,card
6940,netbanking
6941,upi
6942,card
6943,wallet
6944,wallet
6945,netbanking
6946,netbanking
6947,upi
6948,card
6949,card
6950,netbanking
6951,netbanking
6952,wallet
6953,netbanking
6954,upi
6955,card
6956,card
6957,upi
6958,upi
6959,card
6960,netbanking
6961,upi
6962,card
6963,netbanking
6964,upi
6965,upi
6966,upi
6967,upi
6968,card
6969,upi
6970,upi
6971,wallet
6972,netbanking
6973,card
6974,wallet
6975,card
6976,card
6977,upi
6978,netbanking
6979,wallet
6980,netbanking
6981,card
6982,card
6983,card
6984,upi
6985,upi
6986,card
6987,upi
6988,upi
6989,upi
6990,upi
6991,card
6992,upi
6993,upi
6994,card
6995,card
6996,wallet
6997,upi
6998,card
6999,upi
7000,upi
7001,card
7002,card
7003,wallet
7004,upi
7005,card
7006,upi
7007,upi
7008,upi
7009,card
7010,card
7011,card
7012,wallet
7013,upi
7014,netbanking
7015,card
7016,upi
7017,upi
7018,upi
7019,card
7020,upi
7021,card
7022,card
7023,upi
7024,card
7025,card
7026,netbanking
7027,card
7028,upi
7029,netbanking
7030,upi
7031,card
7032,upi
7033,upi
7034,card
7035,upi
7036,wallet
7037,card
7038,card
7039,upi
7040,upi
7041,upi
7042,card
7043,card
7044,upi
7045,wallet
7046,card
7047,netbanking
7048,upi
7049,card
7050,upi
7051,card
7052,upi
7053,card
7054,upi
7055,card
7056,netbanking
7057,wallet
7058,upi
7059,upi
7060,wallet
7061,card
7062,netbanking
7063,upi
7064,netbanking
7065,card
7066,card
7067,card
7068,card
7069,card
7070,wallet
7071,card
7072,card
7073,card
7074,upi
7075,upi
7076,card
7077,upi
7078,netbanking
7079,card
7080,upi
7081,card
7082,upi
7083,wallet
7084,netbanking
7085,card
7086,upi
7087,card
7088,upi
7089,upi
7090,card
7091,netbanking
7092,upi
7093,card
7094,netbanking
7095,upi
7096,card
7097,upi
7098,netbanking
7099,wallet
7100,card
7101,upi
7102,netbanking
7103,wallet
7104,card
7105,upi
7106,netbanking
7107,card
7108,upi
7109,upi
7110,upi
7111,upi
7112,card
7113,upi
7114,card
7115,netbanking
7116,upi
7117,card
7118,wallet
7119,upi
7120,card
7121,card
7122,upi
7123,wallet
7124,card
7125,wallet
7126,card
7127,upi
7128,upi
7129,card
7130,wallet
7131,card
7132,wallet
7133,card
7134,card
7135,wallet
7136,upi
7137,card
7138,upi
7139,card
7140,netbanking
7141,card
7142,upi
7143,card
7144,upi
7145,wallet
7146,netbanking
7147,card
7148,card
7149,card
7150,netbanking
7151,card
7152,upi
7153,card
7154,wallet
7155,upi
7156,upi
7157,netbanking
7158,wallet
7159,upi
7160,upi
7161,upi
7162,upi
7163,card
7164,upi
7165,upi
7166,card
7167,card
7168,upi
7169,card
7170,upi
7171,upi
7172,card
7173,card
7174,card
7175,card
7176,upi
7177,upi
7178,netbanking
7179,card
7180,upi
7181,card
7182,netbanking
7183,card
7184,upi
7185,upi
7186,card
7187,wallet
7188,card
7189,card
7190,upi
7191,upi
7192,card
7193,card
7194,card
7195,netbanking
7196,upi
7197,card
7198,upi
7199,netbanking
7200,netbanking
7201,card
7202,upi
7203,card
7204,card
7205,netbanking
7206,netbanking
7207,card
7208,netbanking
7209,upi
7210,upi
7211,upi
7212,upi
7213,wallet
7214,card
7215,upi
7216,card
7217,netbanking
7218,card
7219,upi
7220,upi
7221,card
7222,card
7223,card
7224,upi
7225,card
7226,upi
7227,upi
7228,wallet
7229,upi
7230,card
7231,netbanking
7232,netbanking
7233,upi
7234,upi
7235,card
7236,upi
7237,upi
7238,card
7239,card
7240,card
7241,upi
7242,card
7243,upi
7244,netbanking
7245,card
7246,card
7247,card
7248,card
7249,netbanking
7250,upi
7251,netbanking
7252,wallet
7253,card
7254,upi
7255,upi
7256,upi
7257,card
7258,card
7259,upi
7260,upi
7261,card
7262,card
7263,upi
7264,upi
7265,upi
7266,card
7267,card
7268,upi
7269,upi
7270,card
7271,upi
7272,upi
7273,upi
7274,card
7275,upi
7276,wallet
7277,card
7278,card
7279,card
7280,card
7281,wallet
7282,wallet
7283,card
7284,netbanking
7285,card
7286,upi
7287,upi
7288,card
7289,upi
7290,upi
7291,card
7292,wallet
7293,card
7294,card
7295,wallet
7296,upi
7297,upi
7298,card
7299,card
7300,card
7301,upi
7302,upi
7303,upi
7304,netbanking
7305,netbanking
7306,card
7307,wallet
7308,netbanking
7309,wallet
7310,upi
7311,card
7312,card
7313,netbanking
7314,upi
7315,netbanking
7316,upi
7317,card
7318,upi
7319,wallet
7320,card
7321,upi
7322,wallet
7323,card
7324,card
7325,upi
7326,netbanking
7327,upi
7328,card
7329,card
7330,card
7331,card
7332,card
7333,netbanking
7334,card
7335,netbanking
7336,wallet
7337,upi
7338,upi
7339,card
7340,upi
7341,card
7342,card
7343,upi
7344,card
7345,card
7346,upi
7347,upi
7348,card
7349,card
7350,card
7351,upi
7352,upi
7353,card
7354,upi
7355,wallet
7356,upi
7357,upi
7358,upi
7359,netbanking
7360,wallet
7361,card
7362,card
7363,card
7364,upi
7365,card
7366,netbanking
7367,card
7368,upi
7369,card
7370,upi
7371,upi
7372,upi
7373,upi
7374,upi
7375,upi
7376,wallet
7377,upi
7378,upi
7379,upi
7380,netbanking
7381,upi
7382,wallet
7383,netbanking
7384,card
7385,card
7386,upi
7387,upi
7388,upi
7389,wallet
7390,upi
7391,card
7392,upi
7393,card
7394,upi
7395,netbanking
7396,card
7397,netbanking
7398,netbanking
7399,card
7400,netbanking
7401,upi
7402,upi
7403,card
7404,card
7405,upi
7406,card
7407,card
7408,wallet
7409,upi
7410,upi
7411,wallet
7412,card
7413,card
7414,upi
7415,upi
7416,card
7417,upi
7418,card
7419,upi
7420,upi
7421,upi
7422,card
7423,card
7424,netbanking
7425,wallet
7426,upi
7427,card
7428,upi
7429,card
7430,card
7431,card
7432,card
7433,card
7434,card
7435,netbanking
7436,upi
7437,upi
7438,card
7439,netbanking
7440,card
7441,card
7442,upi
7443,upi
7444,netbanking
7445,upi
7446,card
7447,card
7448,upi
7449,card
7450,card
7451,card
7452,wallet
7453,card
7454,card
7455,wallet
7456,upi
7457,upi
7458,upi
7459,card
7460,netbanking
7461,card
7462,wallet
7463,card
7464,upi
7465,upi
7466,card
7467,card
7468,upi
7469,card
7470,wallet
7471,card
7472,upi
7473,upi
7474,upi
7475,upi
7476,upi
7477,upi
7478,upi
7479,upi
7480,upi
7481,card
7482,card
7483,upi
7484,wallet
7485,card
7486,upi
7487,card
7488,upi
7489,upi
7490,upi
7491,upi
7492,upi
7493,card
7494,upi
7495,card
7496,wallet
7497,upi
7498,card
7499,card
7500,upi
7501,wallet
7502,card
7503,upi
7504,card
7505,upi
7506,upi
7507,card
7508,upi
7509,card
7510,netbanking
7511,card
7512,upi
7513,card
7514,upi
7515,card
7516,upi
7517,card
7518,card
7519,netbanking
7520,upi
7521,upi
7522,upi
7523,upi
7524,netbanking
7525,upi
7526,wallet
7527,netbanking
7528,upi
7529,card
7530,upi
7531,upi
7532,card
7533,card
7534,card
7535,upi
7536,upi
7537,card
7538,upi
7539,upi
7540,wallet
7541,card
7542,card
7543,card
7544,upi
7545,card
7546,card
7547,upi
7548,upi
7549,card
7550,upi
7551,card
7552,card
7553,upi
7554,card
7555,card
7556,netbanking
7557,netbanking
7558,card
7559,upi
7560,card
7561,netbanking
7562,netbanking
7563,upi
7564,upi
7565,card
7566,card
7567,upi
7568,card
7569,upi
7570,upi
7571,card
7572,upi
7573,upi
7574,upi
7575,upi
7576,netbanking
7577,card
7578,upi
7579,upi
7580,card
7581,wallet
7582,upi
7583,card
7584,card
7585,wallet
7586,netbanking
7587,card
7588,upi
7589,card
7590,upi
7591,upi
7592,card
7593,upi
7594,netbanking
7595,card
7596,card
7597,wallet
7598,card
7599,upi
7600,upi
7601,card
7602,card
7603,card
7604,card
7605,upi
7606,netbanking
7607,card
7608,upi
7609,upi
7610,card
7611,upi
7612,card
7613,upi
7614,card
7615,upi
7616,netbanking
7617,card
7618,wallet
7619,card
7620,card
7621,card
7622,netbanking
7623,upi
7624,wallet
7625,upi
7626,upi
7627,netbanking
7628,wallet
7629,upi
7630,upi
7631,netbanking
7632,card
7633,netbanking
7634,wallet
7635,upi
7636,card
7637,card
7638,wallet
7639,netbanking
7640,upi
7641,wallet
7642,upi
7643,netbanking
7644,card
7645,card
7646,upi
7647,card
7648,upi
7649,upi
7650,card
7651,upi
7652,card
7653,netbanking
7654,card
7655,upi
7656,upi
7657,upi
7658,card
7659,card
7660,card
7661,card
7662,card
7663,upi
7664,card
7665,card
7666,card
7667,upi
7668,upi
7669,upi
7670,upi
7671,upi
7672,upi
7673,card
7674,upi
7675,card
7676,netbanking
7677,upi
7678,upi
7679,upi
7680,wallet
7681,upi
7682,upi
7683,netbanking
7684,upi
7685,upi
7686,card
7687,card
7688,netbanking
7689,card
7690,card
7691,card
7692,wallet
7693,upi
7694,upi
7695,netbanking
7696,card
7697,upi
7698,upi
7699,upi
7700,upi
7701,wallet
7702,card
7703,card
7704,netbanking
7705,upi
7706,upi
7707,card
7708,netbanking
7709,upi
7710,wallet
7711,upi
7712,wallet
7713,upi
7714,upi
7715,upi
7716,upi
7717,upi
7718,card
7719,card
7720,upi
7721,card
7722,upi
7723,card
7724,card
7725,upi
7726,card
7727,wallet
7728,wallet
7729,upi
7730,upi
7731,card
7732,upi
7733,card
7734,wallet
7735,wallet
7736,card
7737,upi
7738,upi
7739,upi
7740,card
7741,upi
7742,card
7743,netbanking
7744,upi
7745,upi
7746,wallet
7747,upi
7748,upi
7749,upi
7750,upi
7751,card
7752,wallet
7753,card
7754,upi
7755,upi
7756,card
7757,netbanking
7758,card
7759,card
7760,upi
7761,upi
7762,wallet
7763,upi
7764,card
7765,card
7766,upi
7767,upi
7768,card
7769,upi
7770,netbanking
7771,upi
7772,upi
7773,card
7774,netbanking
7775,card
7776,upi
7777,card
7778,card
7779,card
7780,card
7781,netbanking
7782,card
7783,wallet
7784,upi
7785,card
7786,upi
7787,card
7788,netbanking
7789,card
7790,netbanking
7791,card
7792,card
7793,card
7794,upi
7795,upi
7796,wallet
7797,card
7798,card
7799,upi
7800,upi
7801,netbanking
7802,upi
7803,upi
7804,card
7805,wallet
7806,card
7807,netbanking
7808,card
7809,upi
7810,netbanking
7811,netbanking
7812,upi
7813,upi
7814,netbanking
7815,upi
7816,upi
7817,card
7818,upi
7819,card
7820,upi
7821,card
7822,upi
7823,netbanking
7824,upi
7825,netbanking
7826,card
7827,upi
7828,upi
7829,upi
7830,upi
7831,card
7832,upi
7833,card
7834,upi
7835,netbanking
7836,card
7837,upi
7838,upi
7839,upi
7840,card
7841,upi
7842,upi
7843,upi
7844,upi
7845,card
7846,wallet
7847,card
7848,card
7849,upi
7850,upi
7851,upi
7852,card
7853,card
7854,upi
7855,card
7856,upi
7857,upi
7858,card
7859,upi
7860,netbanking
7861,netbanking
7862,card
7863,upi
7864,netbanking
7865,upi
7866,card
7867,card
7868,upi
7869,upi
7870,netbanking
7871,netbanking
7872,card
7873,upi
7874,card
7875,card
7876,card
7877,wallet
7878,card
7879,upi
7880,upi
7881,card
7882,upi
7883,card
7884,upi
7885,upi
7886,netbanking
7887,upi
7888,netbanking
7889,card
7890,card
7891,upi
7892,wallet
7893,card
7894,card
7895,wallet
7896,wallet
7897,card
7898,upi
7899,upi
7900,upi
7901,upi
7902,wallet
7903,card
7904,upi
7905,card
7906,upi
7907,upi
7908,upi
7909,wallet
7910,upi
7911,upi
7912,card
7913,wallet
7914,upi
7915,upi
7916,upi
7917,upi
7918,upi
7919,card
7920,card
7921,wallet
7922,wallet
7923,upi
7924,wallet
7925,upi
7926,upi
7927,netbanking
7928,upi
7929,upi
7930,upi
7931,upi
7932,card
7933,wallet
7934,card
7935,upi
7936,card
7937,upi
7938,upi
7939,upi
7940,upi
7941,card
7942,card
7943,card
7944,upi
7945,netbanking
7946,card
7947,upi
7948,card
7949,netbanking
7950,wallet
7951,upi
7952,card
7953,upi
7954,wallet
7955,card
7956,upi
7957,wallet
7958,upi
7959,upi
7960,upi
7961,wallet
7962,upi
7963,netbanking
7964,upi
7965,upi
7966,netbanking
7967,upi
7968,card
7969,card
7970,netbanking
7971,upi
7972,card
7973,netbanking
7974,wallet
7975,netbanking
7976,upi
7977,wallet
7978,netbanking
7979,card
7980,wallet
7981,upi
7982,wallet
7983,upi
7984,upi
7985,card
7986,card
7987,card
7988,upi
7989,netbanking
7990,card
7991,card
7992,upi
7993,card
7994,card
7995,card
7996,upi
7997,upi
7998,netbanking
7999,card
8000,card
8001,upi
8002,wallet
8003,card
8004,netbanking
8005,upi
8006,netbanking
8007,upi
8008,card
8009,card
8010,upi
8011,netbanking
8012,upi
8013,card
8014,card
8015,upi
8016,netbanking
8017,upi
8018,upi
8019,upi
8020,netbanking
8021,netbanking
8022,card
8023,upi
8024,netbanking
8025,wallet
8026,upi
8027,card
8028,upi
8029,upi
8030,card
8031,wallet
8032,card
8033,netbanking
8034,upi
8035,card
8036,upi
8037,upi
8038,netbanking
8039,upi
8040,card
8041,wallet
8042,upi
8043,card
8044,netbanking
8045,card
8046,card
8047,upi
8048,upi
8049,upi
8050,wallet
8051,card
8052,wallet
8053,card
8054,card
8055,card
8056,card
8057,upi
8058,netbanking
8059,netbanking
8060,upi
8061,card
8062,netbanking
8063,upi
8064,upi
8065,upi
8066,card
8067,upi
8068,wallet
8069,card
8070,upi
8071,wallet
8072,card
8073,upi
8074,upi
8075,netbanking
8076,upi
8077,upi
8078,card
8079,wallet
8080,netbanking
8081,upi
8082,wallet
8083,upi
8084,wallet
8085,card
8086,card
8087,netbanking
8088,upi
8089,card
8090,upi
8091,upi
8092,card
8093,upi
8094,upi
8095,card
8096,card
8097,upi
8098,upi
8099,upi
8100,upi
8101,upi
8102,card
8103,upi
8104,card
8105,upi
8106,card
8107,upi
8108,upi
8109,netbanking
8110,upi
8111,wallet
8112,upi
8113,card
8114,card
8115,card
8116,card
8117,card
8118,card
8119,upi
8120,upi
8121,card
8122,upi
8123,card
8124,upi
8125,upi
8126,card
8127,card
8128,wallet
8129,upi
8130,upi
8131,card
8132,card
8133,card
8134,wallet
8135,card
8136,card
8137,wallet
8138,upi
8139,card
8140,upi
8141,upi
8142,wallet
8143,card
8144,upi
8145,card
8146,netbanking
8147,netbanking
8148,netbanking
8149,netbanking
8150,upi
8151,card
8152,card
8153,card
8154,upi
8155,card
8156,upi
8157,upi
8158,wallet
8159,upi
8160,upi
8161,upi
8162,wallet
8163,upi
8164,card
8165,card
8166,wallet
8167,upi
8168,netbanking
8169,upi
8170,upi
8171,upi
8172,wallet
8173,netbanking
8174,card
8175,card
8176,card
8177,upi
8178,netbanking
8179,netbanking
8180,upi
8181,card
8182,upi
8183,netbanking
8184,upi
8185,card
8186,card
8187,upi
8188,upi
8189,netbanking
8190,wallet
8191,card
8192,card
8193,upi
8194,card
8195,upi
8196,card
8197,card
8198,netbanking
8199,card
8200,netbanking
8201,card
8202,card
8203,card
8204,card
8205,card
8206,netbanking
8207,netbanking
8208,card
8209,card
8210,card
8211,upi
8212,card
8213,card
8214,netbanking
8215,netbanking
8216,upi
8217,card
8218,upi
8219,card
8220,upi
8221,upi
8222,card
8223,netbanking
8224,upi
8225,upi
8226,card
8227,card
8228,card
8229,upi
8230,card
8231,card
8232,upi
8233,upi
8234,upi
8235,upi
8236,upi
8237,upi
8238,card
8239,card
8240,upi
8241,card
8242,upi
8243,upi
8244,card
8245,upi
8246,upi
8247,upi
8248,wallet
8249,card
8250,card
8251,card
8252,upi
8253,card
8254,netbanking
8255,card
8256,upi
8257,upi
8258,card
8259,upi
8260,upi
8261,upi
8262,upi
8263,upi
8264,upi
8265,upi
8266,card
8267,upi
8268,card
8269,upi
8270,card
8271,wallet
8272,card
8273,upi
8274,card
8275,card
8276,card
8277,upi
8278,card
8279,card
8280,card
8281,card
8282,wallet
8283,upi
8284,upi
8285,upi
8286,upi
8287,netbanking
8288,card
8289,netbanking
8290,upi
8291,card
8292,netbanking
8293,card
8294,wallet
8295,wallet
8296,card
8297,card
8298,netbanking
8299,card
8300,upi
8301,card
8302,card
8303,upi
8304,upi
8305,upi
8306,upi
8307,card
8308,upi
8309,card
8310,card
8311,card
8312,upi
8313,card
8314,card
8315,upi
8316,card
8317,wallet
8318,card
8319,card
8320,netbanking
8321,upi
8322,netbanking
8323,upi
8324,card
8325,upi
8326,upi
8327,upi
8328,card
8329,card
8330,card
8331,upi
8332,card
8333,wallet
8334,card
8335,upi
8336,card
8337,upi
8338,netbanking
8339,upi
8340,card
8341,upi
8342,card
8343,upi
8344,upi
8345,card
8346,upi
8347,upi
8348,card
8349,card
8350,upi
8351,upi
8352,upi
8353,upi
8354,card
8355,card
8356,card
8357,card
8358,card
8359,card
8360,upi
8361,upi
8362,card
8363,upi
8364,card
8365,card
8366,wallet
8367,upi
8368,card
8369,card
8370,upi
8371,card
8372,wallet
8373,upi
8374,card
8375,upi
8376,upi
8377,upi
8378,wallet
8379,netbanking
8380,card
8381,card
8382,card
8383,upi
8384,upi
8385,card
8386,wallet
8387,card
8388,netbanking
8389,netbanking
8390,card
8391,card
8392,card
8393,netbanking
8394,card
8395,netbanking
8396,upi
8397,upi
8398,netbanking
8399,upi
8400,upi
8401,upi
8402,card
8403,card
8404,card
8405,upi
8406,card
8407,upi
8408,card
8409,upi
8410,netbanking
8411,upi
8412,wallet
8413,card
8414,card
8415,upi
8416,card
8417,upi
8418,upi
8419,card
8420,netbanking
8421,card
8422,upi
8423,upi
8424,upi
8425,card
8426,wallet
8427,wallet
8428,upi
8429,upi
8430,upi
8431,upi
8432,upi
8433,upi
8434,netbanking
8435,upi
8436,card
8437,netbanking
8438,card
8439,card
8440,wallet
8441,card
8442,card
8443,upi
8444,netbanking
8445,card
8446,upi
8447,card
8448,upi
8449,card
8450,card
8451,wallet
8452,upi
8453,netbanking
8454,netbanking
8455,wallet
8456,upi
8457,card
8458,netbanking
8459,upi
8460,card
8461,upi
8462,card
8463,upi
8464,upi
8465,upi
8466,card
8467,card
8468,netbanking
8469,upi
8470,upi
8471,upi
8472,netbanking
8473,upi
8474,upi
8475,card
8476,wallet
8477,upi
8478,upi
8479,card
8480,upi
8481,card
8482,upi
8483,upi
8484,upi
8485,card
8486,netbanking
8487,card
8488,upi
8489,card
8490,card
8491,netbanking
8492,card
8493,netbanking
8494,card
8495,upi
8496,card
8497,upi
8498,netbanking
8499,upi
8500,card
8501,upi
8502,upi
8503,card
8504,upi
8505,upi
8506,upi
8507,card
8508,upi
8509,wallet
8510,upi
8511,upi
8512,wallet
8513,card
8514,upi
8515,upi
8516,upi
8517,wallet
8518,upi
8519,card
8520,upi
8521,card
8522,wallet
8523,card
8524,upi
8525,upi
8526,card
8527,card
8528,upi
8529,card
8530,wallet
8531,netbanking
8532,card
8533,netbanking
8534,card
8535,card
8536,card
8537,netbanking
8538,upi
8539,card
8540,upi
8541,upi
8542,upi
8543,upi
8544,netbanking
8545,upi
8546,card
8547,netbanking
8548,card
8549,upi
8550,upi
8551,card
8552,card
8553,upi
8554,netbanking
8555,netbanking
8556,upi
8557,card
8558,card
8559,upi
8560,upi
8561,upi
8562,card
8563,card
8564,upi
8565,upi
8566,upi
8567,card
8568,netbanking
8569,upi
8570,upi
8571,upi
8572,upi
8573,upi
8574,upi
8575,upi
8576,upi
8577,card
8578,netbanking
8579,card
8580,card
8581,upi
8582,card
8583,wallet
8584,upi
8585,card
8586,card
8587,card
8588,card
8589,card
8590,card
8591,card
8592,upi
8593,card
8594,card
8595,card
8596,card
8597,card
8598,card
8599,card
8600,wallet
8601,card
8602,card
8603,upi
8604,upi
8605,card
8606,upi
8607,upi
8608,wallet
8609,wallet
8610,upi
8611,upi
8612,upi
8613,netbanking
8614,upi
8615,card
8616,card
8617,upi
8618,upi
8619,netbanking
8620,card
8621,netbanking
8622,card
8623,upi
8624,upi
8625,card
8626,upi
8627,card
8628,card
8629,netbanking
8630,card
8631,upi
8632,upi
8633,card
8634,netbanking
8635,upi
8636,upi
8637,netbanking
8638,upi
8639,wallet
8640,card
8641,card
8642,upi
8643,card
8644,upi
8645,upi
8646,card
8647,netbanking
8648,card
8649,card
8650,upi
8651,upi
8652,netbanking
8653,card
8654,netbanking
8655,upi
8656,netbanking
8657,card
8658,card
8659,upi
8660,upi
8661,card
8662,upi
8663,upi
8664,card
8665,upi
8666,card
8667,netbanking
8668,upi
8669,upi
8670,wallet
8671,upi
8672,card
8673,upi
8674,wallet
8675,card
8676,upi
8677,card
8678,netbanking
8679,upi
8680,wallet
8681,upi
8682,card
8683,upi
8684,netbanking
8685,card
8686,card
8687,upi
8688,upi
8689,card
8690,card
8691,card
8692,upi
8693,upi
8694,upi
8695,netbanking
8696,card
8697,upi
8698,card
8699,upi
8700,upi
8701,upi
8702,wallet
8703,card
8704,card
8705,upi
8706,upi
8707,card
8708,netbanking
8709,upi
8710,upi
8711,upi
8712,card
8713,upi
8714,upi
8715,netbanking
8716,upi
8717,card
8718,card
8719,card
8720,wallet
8721,upi
8722,netbanking
8723,netbanking
8724,card
8725,upi
8726,upi
8727,card
8728,upi
8729,upi
8730,netbanking
8731,card
8732,netbanking
8733,wallet
8734,wallet
8735,card
8736,card
8737,upi
8738,card
8739,card
8740,upi
8741,card
8742,upi
8743,wallet
8744,upi
8745,netbanking
8746,upi
8747,card
8748,card
8749,card
8750,card
8751,netbanking
8752,netbanking
8753,card
8754,card
8755,upi
8756,upi
8757,card
8758,card
8759,card
8760,upi
8761,card
8762,upi
8763,card
8764,upi
8765,upi
8766,card
8767,netbanking
8768,upi
8769,netbanking
8770,upi
8771,upi
8772,card
8773,upi
8774,upi
8775,upi
8776,card
8777,card
8778,card
8779,card
8780,upi
8781,wallet
8782,card
8783,card
8784,card
8785,card
8786,upi
8787,card
8788,wallet
8789,netbanking
8790,upi
8791,wallet
8792,upi
8793,wallet
8794,card
8795,wallet
8796,card
8797,card
8798,wallet
8799,card
8800,card
8801,card
8802,card
8803,card
8804,upi
8805,upi
8806,netbanking
8807,card
8808,netbanking
8809,upi
8810,upi
8811,upi
8812,netbanking
8813,card
8814,upi
8815,netbanking
8816,upi
8817,card
8818,upi
8819,upi
8820,card
8821,upi
8822,netbanking
8823,upi
8824,card
8825,upi
8826,upi
8827,upi
8828,upi
8829,upi
8830,netbanking
8831,upi
8832,netbanking
8833,upi
8834,card
8835,upi
8836,card
8837,upi
8838,card
8839,upi
8840,upi
8841,upi
8842,upi
8843,card
8844,card
8845,upi
8846,netbanking
8847,netbanking
8848,wallet
8849,card
8850,card
8851,upi
8852,upi
8853,upi
8854,upi
8855,upi
8856,upi
8857,wallet
8858,card
8859,netbanking
8860,upi
8861,card
8862,wallet
8863,netbanking
8864,upi
8865,card
8866,card
8867,upi
8868,card
8869,card
8870,upi
8871,card
8872,upi
8873,upi
8874,card
8875,upi
8876,card
8877,card
8878,upi
8879,upi
8880,card
8881,upi
8882,upi
8883,upi
8884,card
8885,upi
8886,upi
8887,card
8888,upi
8889,upi
8890,card
8891,upi
8892,upi
8893,card
8894,netbanking
8895,upi
8896,upi
8897,netbanking
8898,wallet
8899,upi
8900,upi
8901,card
8902,card
8903,netbanking
8904,upi
8905,netbanking
8906,card
8907,card
8908,card
8909,upi
8910,card
8911,card
8912,wallet
8913,upi
8914,upi
8915,card
8916,card
8917,upi
8918,card
8919,upi
8920,wallet
8921,card
8922,netbanking
8923,card
8924,card
8925,card
8926,wallet
8927,upi
8928,upi
8929,card
8930,netbanking
8931,upi
8932,upi
8933,upi
8934,upi
8935,upi
8936,card
8937,netbanking
8938,card
8939,wallet
8940,upi
8941,card
8942,card
8943,upi
8944,upi
8945,netbanking
8946,upi
8947,card
8948,upi
8949,upi
8950,netbanking
8951,upi
8952,wallet
8953,card
8954,upi
8955,upi
8956,upi
8957,card
8958,upi
8959,card
8960,card
8961,card
8962,upi
8963,card
8964,upi
8965,wallet
8966,upi
8967,upi
8968,upi
8969,card
8970,upi
8971,card
8972,card
8973,card
8974,upi
8975,card
8976,card
8977,netbanking
8978,card
8979,upi
8980,upi
8981,upi
8982,card
8983,card
8984,netbanking
8985,upi
8986,card
8987,card
8988,upi
8989,card
8990,upi
8991,upi
8992,upi
8993,netbanking
8994,upi
8995,netbanking
8996,upi
8997,upi
8998,upi
8999,upi
9000,card
9001,wallet
9002,wallet
9003,card
9004,upi
9005,upi
9006,wallet
9007,upi
9008,card
9009,upi
9010,card
9011,upi
9012,upi
9013,upi
9014,card
9015,upi
9016,upi
9017,card
9018,card
9019,card
9020,netbanking
9021,upi
9022,upi
9023,upi
9024,netbanking
9025,upi
9026,card
9027,card
9028,card
9029,netbanking
9030,upi
9031,upi
9032,upi
9033,netbanking
9034,wallet
9035,upi
9036,card
9037,card
9038,upi
9039,upi
9040,upi
9041,card
9042,upi
9043,upi
9044,card
9045,netbanking
9046,upi
9047,card
9048,card
9049,upi
9050,upi
9051,card
9052,upi
9053,upi
9054,card
9055,upi
9056,upi
9057,card
9058,card
9059,card
9060,upi
9061,netbanking
9062,upi
9063,wallet
9064,card
9065,upi
9066,upi
9067,upi
9068,netbanking
9069,upi
9070,upi
9071,wallet
9072,wallet
9073,wallet
9074,card
9075,card
9076,upi
9077,upi
9078,card
9079,card
9080,upi
9081,card
9082,upi
9083,card
9084,netbanking
9085,card
9086,upi
9087,upi
9088,card
9089,upi
9090,netbanking
9091,upi
9092,card
9093,upi
9094,card
9095,upi
9096,upi
9097,upi
9098,card
9099,card
9100,card
9101,upi
9102,upi
9103,upi
9104,card
9105,card
9106,upi
9107,upi
9108,netbanking
9109,card
9110,card
9111,card
9112,upi
9113,upi
9114,card
9115,card
9116,upi
9117,card
9118,upi
9119,card
9120,card
9121,card
9122,wallet
9123,card
9124,card
9125,netbanking
9126,card
9127,card
9128,card
9129,upi
9130,upi
9131,netbanking
9132,upi
9133,upi
9134,card
9135,upi
9136,netbanking
9137,netbanking
9138,card
9139,upi
9140,upi
9141,wallet
9142,card
9143,upi
9144,upi
9145,netbanking
9146,upi
9147,netbanking
9148,card
9149,card
9150,card
9151,netbanking
9152,card
9153,upi
9154,wallet
9155,netbanking
9156,upi
9157,upi
9158,card
9159,upi
9160,upi
9161,upi
9162,card
9163,card
9164,upi
9165,upi
9166,netbanking
9167,upi
9168,netbanking
9169,upi
9170,upi
9171,upi
9172,card
9173,card
9174,netbanking
9175,card
9176,upi
9177,card
9178,upi
9179,card
9180,upi
9181,upi
9182,card
9183,upi
9184,netbanking
9185,upi
9186,wallet
9187,upi
9188,upi
9189,upi
9190,wallet
9191,upi
9192,upi
9193,netbanking
9194,wallet
9195,upi
9196,card
9197,upi
9198,upi
9199,card
9200,upi
9201,upi
9202,card
9203,upi
9204,upi
9205,upi
9206,card
9207,netbanking
9208,card
9209,wallet
9210,upi
9211,card
9212,wallet
9213,upi
9214,upi
9215,netbanking
9216,netbanking
9217,upi
9218,wallet
9219,card
9220,card
9221,card
9222,card
9223,upi
9224,card
9225,upi
9226,card
9227,card
9228,upi
9229,card
9230,upi
9231,upi
9232,upi
9233,netbanking
9234,wallet
9235,card
9236,upi
9237,card
9238,upi
9239,upi
9240,upi
9241,netbanking
9242,upi
9243,upi
9244,upi
9245,card
9246,card
9247,upi
9248,upi
9249,card
9250,upi
9251,card
9252,upi
9253,upi
9254,card
9255,card
9256,card
9257,upi
9258,wallet
9259,card
9260,upi
9261,upi
9262,upi
9263,card
9264,card
9265,wallet
9266,wallet
9267,upi
9268,upi
9269,card
9270,card
9271,card
9272,upi
9273,card
9274,card
9275,card
9276,card
9277,upi
9278,upi
9279,upi
9280,upi
9281,upi
9282,upi
9283,card
9284,card
9285,netbanking
9286,upi
9287,upi
9288,card
9289,card
9290,card
9291,netbanking
9292,upi
9293,card
9294,card
9295,card
9296,card
9297,upi
9298,upi
9299,netbanking
9300,upi
9301,netbanking
9302,netbanking
9303,wallet
9304,wallet
9305,card
9306,card
9307,card
9308,upi
9309,upi
9310,card
9311,netbanking
9312,upi
9313,upi
9314,upi
9315,card
9316,upi
9317,card
9318,upi
9319,card
9320,card
9321,upi
9322,upi
9323,card
9324,wallet
9325,card
9326,netbanking
9327,card
9328,card
9329,wallet
9330,upi
9331,upi
9332,upi
9333,upi
9334,upi
9335,card
9336,upi
9337,wallet
9338,netbanking
9339,upi
9340,upi
9341,upi
9342,upi
9343,netbanking
9344,upi
9345,upi
9346,upi
9347,card
9348,netbanking
9349,netbanking
9350,card
9351,card
9352,upi
9353,card
9354,wallet
9355,card
9356,card
9357,card
9358,upi
9359,upi
9360,netbanking
9361,wallet
9362,upi
9363,card
9364,card
9365,netbanking
9366,card
9367,netbanking
9368,netbanking
9369,upi
9370,upi
9371,wallet
9372,upi
9373,upi
9374,upi
9375,upi
9376,upi
9377,wallet
9378,upi
9379,upi
9380,card
9381,netbanking
9382,upi
9383,upi
9384,card
9385,netbanking
9386,upi
9387,upi
9388,card
9389,card
9390,card
9391,card
9392,upi
9393,upi
9394,upi
9395,upi
9396,upi
9397,card
9398,netbanking
9399,upi
9400,upi
9401,wallet
9402,upi
9403,upi
9404,upi
9405,netbanking
9406,netbanking
9407,card
9408,upi
9409,netbanking
9410,netbanking
9411,card
9412,upi
9413,upi
9414,card
9415,upi
9416,upi
9417,card
9418,card
9419,netbanking
9420,netbanking
9421,netbanking
9422,netbanking
9423,wallet
9424,upi
9425,card
9426,netbanking
9427,upi
9428,upi
9429,wallet
9430,card
9431,netbanking
9432,upi
9433,card
9434,netbanking
9435,upi
9436,upi
9437,upi
9438,card
9439,card
9440,card
9441,card
9442,card
9443,upi
9444,card
9445,upi
9446,card
9447,card
9448,wallet
9449,wallet
9450,netbanking
9451,card
9452,upi
9453,card
9454,upi
9455,netbanking
9456,upi
9457,wallet
9458,upi
9459,card
9460,card
9461,netbanking
9462,upi
9463,card
9464,card
9465,wallet
9466,card
9467,wallet
9468,upi
9469,card
9470,upi
9471,upi
9472,upi
9473,card
9474,card
9475,netbanking
9476,upi
9477,upi
9478,card
9479,upi
9480,upi
9481,card
9482,wallet
9483,netbanking
9484,card
9485,netbanking
9486,upi
9487,upi
9488,card
9489,netbanking
9490,upi
9491,netbanking
9492,card
9493,card
9494,wallet
9495,upi
9496,card
9497,netbanking
9498,card
9499,netbanking
9500,netbanking
9501,card
9502,upi
9503,wallet
9504,wallet
9505,upi
9506,upi
9507,upi
9508,card
9509,upi
9510,card
9511,card
9512,upi
9513,netbanking
9514,card
9515,card
9516,card
9517,card
9518,wallet
9519,upi
9520,card
9521,wallet
9522,card
9523,upi
9524,netbanking
9525,upi
9526,card
9527,upi
9528,upi
9529,upi
9530,card
9531,netbanking
9532,upi
9533,upi
9534,wallet
9535,netbanking
9536,upi
9537,card
9538,card
9539,upi
9540,card
9541,upi
9542,upi
9543,upi
9544,card
9545,netbanking
9546,upi
9547,upi
9548,upi
9549,card
9550,upi
9551,card
9552,upi
9553,card
9554,card
9555,card
9556,card
9557,netbanking
9558,netbanking
9559,card
9560,card
9561,upi
9562,card
9563,upi
9564,card
9565,upi
9566,wallet
9567,card
9568,wallet
9569,netbanking
9570,wallet
9571,upi
9572,netbanking
9573,upi
9574,netbanking
9575,card
9576,upi
9577,upi
9578,card
9579,card
9580,card
9581,upi
9582,card
9583,card
9584,card
9585,upi
9586,card
9587,card
9588,card
9589,upi
9590,card
9591,wallet
9592,card
9593,card
9594,upi
9595,netbanking
9596,upi
9597,card
9598,upi
9599,upi
9600,upi
9601,wallet
9602,wallet
9603,upi
9604,card
9605,upi
9606,wallet
9607,wallet
9608,card
9609,card
9610,card
9611,netbanking
9612,upi
9613,card
9614,card
9615,card
9616,netbanking
9617,upi
9618,card
9619,upi
9620,upi
9621,upi
9622,netbanking
9623,card
9624,card
9625,card
9626,upi
9627,wallet
9628,card
9629,upi
9630,upi
9631,wallet
9632,upi
9633,card
9634,upi
9635,netbanking
9636,upi
9637,netbanking
9638,card
9639,upi
9640,card
9641,upi
9642,card
9643,card
9644,card
9645,upi
9646,netbanking
9647,card
9648,upi
9649,card
9650,upi
9651,card
9652,upi
9653,netbanking
9654,upi
9655,upi
9656,upi
9657,card
9658,card
9659,card
9660,upi
9661,netbanking
9662,upi
9663,upi
9664,card
9665,card
9666,wallet
9667,card
9668,upi
9669,card
9670,card
9671,card
9672,netbanking
9673,card
9674,upi
9675,card
9676,upi
9677,upi
9678,upi
9679,card
9680,card
9681,netbanking
9682,upi
9683,card
9684,upi
9685,card
9686,upi
9687,upi
9688,card
9689,upi
9690,upi
9691,wallet
9692,upi
9693,upi
9694,upi
9695,card
9696,upi
9697,card
9698,card
9699,upi
9700,card
9701,upi
9702,upi
9703,card
9704,upi
9705,upi
9706,upi
9707,netbanking
9708,card
9709,netbanking
9710,card
9711,card
9712,upi
9713,card
9714,card
9715,card
9716,netbanking
9717,netbanking
9718,wallet
9719,card
9720,upi
9721,netbanking
9722,card
9723,upi
9724,card
9725,upi
9726,upi
9727,card
9728,card
9729,upi
9730,upi
9731,card
9732,card
9733,wallet
9734,upi
9735,upi
9736,upi
9737,wallet
9738,card
9739,card
9740,card
9741,netbanking
9742,card
9743,card
9744,card
9745,upi
9746,upi
9747,card
9748,card
9749,upi
9750,card
9751,upi
9752,card
9753,netbanking
9754,upi
9755,upi
9756,card
9757,card
9758,upi
9759,upi
9760,upi
9761,upi
9762,upi
9763,netbanking
9764,upi
9765,netbanking
9766,card
9767,card
9768,upi
9769,card
9770,card
9771,card
9772,upi
9773,upi
9774,card
9775,card
9776,card
9777,card
9778,card
9779,card
9780,netbanking
9781,upi
9782,card
9783,card
9784,card
9785,card
9786,upi
9787,netbanking
9788,upi
9789,upi
9790,card
9791,upi
9792,wallet
9793,card
9794,netbanking
9795,card
9796,upi
9797,card
9798,upi
9799,card
9800,upi
9801,upi
9802,upi
9803,upi
9804,card
9805,upi
9806,card
9807,upi
9808,card
9809,upi
9810,upi
9811,wallet
9812,upi
9813,card
9814,upi
9815,card
9816,card
9817,card
9818,upi
9819,wallet
9820,wallet
9821,card
9822,card
9823,netbanking
9824,card
9825,upi
9826,wallet
9827,card
9828,card
9829,netbanking
9830,upi
9831,wallet
9832,upi
9833,card
9834,netbanking
9835,upi
9836,wallet
9837,upi
9838,upi
9839,card
9840,card
9841,wallet
9842,wallet
9843,upi
9844,wallet
9845,card
9846,netbanking
9847,upi
9848,upi
9849,upi
9850,upi
9851,netbanking
9852,upi
9853,netbanking
9854,card
9855,card
9856,upi
9857,upi
9858,netbanking
9859,card
9860,card
9861,upi
9862,netbanking
9863,wallet
9864,netbanking
9865,upi
9866,netbanking
9867,card
9868,wallet
9869,upi
9870,upi
9871,upi
9872,upi
9873,card
9874,card
9875,upi
9876,wallet
9877,upi
9878,card
9879,upi
9880,card
9881,card
9882,card
9883,upi
9884,card
9885,card
9886,card
9887,upi
9888,card
9889,card
9890,upi
9891,upi
9892,netbanking
9893,upi
9894,upi
9895,netbanking
9896,upi
9897,upi
9898,card
9899,card
9900,card
9901,upi
9902,wallet
9903,card
9904,upi
9905,wallet
9906,upi
9907,card
9908,wallet
9909,card
9910,card
9911,upi
9912,card
9913,netbanking
9914,card
9915,netbanking
9916,card
9917,wallet
9918,card
9919,wallet
9920,card
9921,netbanking
9922,netbanking
9923,upi
9924,card
9925,upi
9926,upi
9927,upi
9928,upi
9929,wallet
9930,wallet
9931,upi
9932,card
9933,card
9934,upi
9935,wallet
9936,upi
9937,card
9938,card
9939,upi
9940,wallet
9941,upi
9942,card
9943,card
9944,card
9945,upi
9946,upi
9947,card
9948,card
9949,netbanking
9950,netbanking
9951,upi
9952,upi
9953,wallet
9954,upi
9955,wallet
9956,card
9957,card
9958,card
9959,netbanking
9960,upi
9961,card
9962,wallet
9963,wallet
9964,card
9965,upi
9966,upi
9967,card
9968,upi
9969,card
9970,netbanking
9971,netbanking
9972,netbanking
9973,upi
9974,card
9975,card
9976,upi
9977,card
9978,upi
9979,card
9980,card
9981,upi
9982,upi
9983,upi
9984,upi
9985,upi
9986,upi
9987,upi
9988,upi
9989,upi
9990,upi
9991,card
9992,upi
9993,card
9994,netbanking
9995,netbanking
9996,upi
9997,netbanking
9998,upi
9999,card
10000,upi
